,teamID,ACC,AGI,ARM,END,G,HND,INT,KAc,KDi,KR,KR Avg,KR Lg,KR TD,KR Yds,L,Name,OVR,PA,PBl,PF,PR,PR Avg,PR Lg,PR TD,PR Yds,Player,Pos,RBl,S,SPE,STR,T,TCK,Team,W,WPct
0,1,1,70,1,61,14,70,56,1,1,35,19.3,33,0,674,10,"West, D.",68,330,12,254,36,8.3,79,1,298,"West, D.",WR,12,1,80,30,0,20,BAL,4,0.28600000000000003
1,1,1,70,1,71,14,35,41,1,1,0,0.0,0,0,0,10,"Crocker, B.",70,330,1,254,1,10.0,10,0,10,"Crocker, B.",DE,1,1,70,62,0,55,BAL,4,0.28600000000000003
2,1,1,70,1,70,14,65,45,1,1,36,20.6,90,1,741,10,"Smith, M.",68,330,1,254,0,0.0,0,0,0,"Smith, M.",FS,1,1,75,40,0,50,BAL,4,0.28600000000000003
3,2,1,78,1,62,14,71,50,1,1,33,17.8,33,0,586,6,"LeClair, A.",70,225,10,256,26,8.1,15,0,210,"LeClair, A.",WR,10,1,79,33,0,20,YKW,8,0.5710000000000001
4,2,1,73,1,70,14,64,55,1,1,2,16.0,18,0,32,6,"Hansen, A.",73,225,1,256,0,0.0,0,0,0,"Hansen, A.",FS,1,1,80,50,0,55,YKW,8,0.5710000000000001
5,2,1,74,1,51,14,60,51,1,1,16,16.6,29,0,265,6,"Cutter, D.",72,225,3,256,0,0.0,0,0,0,"Cutter, D.",CB,3,1,80,38,0,49,YKW,8,0.5710000000000001
6,2,3,77,3,63,14,70,50,3,3,4,14.5,32,0,58,6,"Garden, J.",72,225,12,256,11,13.1,75,0,144,"Garden, J.",WR,12,1,80,50,0,22,YKW,8,0.5710000000000001
7,3,1,77,1,60,14,70,40,1,1,34,16.9,39,0,574,6,"Law, D.",69,253,10,250,47,5.6,21,0,263,"Law, D.",WR,10,1,83,27,0,20,COL,8,0.5710000000000001
8,3,1,67,1,70,14,50,45,1,1,1,0.0,0,0,0,6,"McNoodle, M.",68,253,1,250,0,0.0,0,0,0,"McNoodle, M.",SS,1,1,70,60,0,70,COL,8,0.5710000000000001
9,3,1,74,1,51,14,50,57,1,1,22,15.8,30,0,348,6,"Hayden, A.",71,253,1,250,2,10.5,16,0,21,"Hayden, A.",CB,1,1,85,42,0,42,COL,8,0.5710000000000001
10,3,1,73,1,70,14,76,56,1,1,8,16.8,30,0,134,6,"Hendrix, K.",74,253,12,250,0,0.0,0,0,0,"Hendrix, K.",WR,19,1,80,49,0,20,COL,8,0.5710000000000001
11,4,1,66,1,61,14,67,42,1,1,28,20.2,84,0,566,5,"Stormblessed, N.",68,204,12,277,0,0.0,0,0,0,"Stormblessed, N.",WR,12,1,90,27,0,22,ARI,9,0.643
12,4,15,70,15,66,14,42,32,1,1,0,0.0,0,0,0,5,"Mackworthy, R.",70,204,22,277,54,5.4,49,0,291,"Mackworthy, R.",RB,22,1,85,68,0,20,ARI,9,0.643
13,4,75,55,75,55,14,15,64,1,1,29,19.7,51,0,571,5,"Bronko, K.",73,204,1,277,0,0.0,0,0,0,"Bronko, K.",QB,1,1,60,40,0,15,ARI,9,0.643
14,5,15,70,15,65,14,42,30,1,1,33,20.2,76,0,666,5,"Wright, O.",67,196,22,249,50,7.4,56,0,372,"Wright, O.",RB,22,1,85,51,0,22,OCO,9,0.643
15,5,15,61,15,71,14,51,32,1,1,21,13.4,28,0,282,5,"Jenkins, L.",67,196,27,249,0,0.0,0,0,0,"Jenkins, L.",RB,27,1,75,75,0,22,OCO,9,0.643
16,5,1,70,1,68,14,71,61,1,1,1,0.0,0,0,0,5,"Westfield, B.",73,196,22,249,0,0.0,0,0,0,"Westfield, B.",WR,22,1,81,51,0,22,OCO,9,0.643
17,6,15,70,15,65,14,40,50,1,1,35,15.1,31,0,528,10,"Wiley, D.",64,291,20,213,0,0.0,0,0,0,"Wiley, D.",RB,20,1,75,50,0,20,SJS,4,0.28600000000000003
18,6,1,72,1,61,14,74,54,1,1,31,17.6,60,0,545,10,"Weston, S.",68,291,12,213,36,7.9,65,0,285,"Weston, S.",WR,12,1,80,25,0,20,SJS,4,0.28600000000000003
19,1,1,72,1,50,14,70,60,1,1,38,21.7,101,1,823,6,"Delacour, A.",80,270,1,268,0,0.0,0,0,0,"Delacour, A.",CB,1,2,90,45,0,50,BAL,8,0.5710000000000001
20,1,15,73,15,71,14,52,34,1,1,22,16.8,35,0,370,6,"Farlane, D.",71,270,24,268,41,6.6,17,0,269,"Farlane, D.",RB,24,2,88,50,0,20,BAL,8,0.5710000000000001
21,2,3,84,3,71,14,71,52,3,3,30,19.7,36,0,592,6,"Garden, J.",79,295,16,300,25,4.8,18,0,119,"Garden, J.",WR,16,2,90,52,0,26,YKW,8,0.5710000000000001
22,2,1,78,1,70,14,56,50,1,1,31,21.8,97,1,675,6,"Novel, L.",74,295,1,300,14,11.0,39,0,154,"Novel, L.",FS,1,2,81,52,0,60,YKW,8,0.5710000000000001
23,3,1,80,1,51,14,56,70,1,1,20,25.9,97,1,518,6,"Hayden, A.",77,216,1,268,32,12.0,74,1,383,"Hayden, A.",CB,1,2,90,42,0,42,COL,8,0.5710000000000001
24,3,15,71,15,68,14,52,52,1,1,8,15.1,36,0,121,6,"Tweed, B.",79,216,26,268,0,0.0,0,0,0,"Tweed, B.",RB,26,2,94,71,0,26,COL,8,0.5710000000000001
25,3,1,76,1,65,14,74,60,1,1,1,-1.0,0,0,-1,6,"Ross, J.",72,216,20,268,0,0.0,0,0,0,"Ross, J.",WR,20,2,80,35,0,20,COL,8,0.5710000000000001
26,3,1,80,1,72,14,77,60,1,1,31,21.5,37,0,666,6,"Hendrix, K.",80,216,16,268,5,2.8,11,0,14,"Hendrix, K.",WR,23,2,87,50,0,20,COL,8,0.5710000000000001
27,4,15,75,15,72,14,50,32,1,1,25,21.8,38,0,544,2,"Mackworthy, R.",77,175,22,369,44,10.4,56,1,457,"Mackworthy, R.",RB,22,2,90,75,0,20,ARI,12,0.857
28,4,1,72,1,73,14,65,70,1,1,27,14.2,34,0,383,2,"Flock, R.",81,175,3,369,0,0.0,0,0,0,"Flock, R.",SS,3,2,90,65,0,62,ARI,12,0.857
29,5,1,80,1,70,14,78,50,1,1,28,17.7,37,0,495,6,"Westfield, B.",80,219,10,271,48,7.1,84,1,342,"Westfield, B.",WR,10,2,94,44,0,20,OCO,8,0.5710000000000001
30,5,15,63,15,80,14,60,36,1,1,4,22.2,23,0,89,6,"Jenkins, L.",75,219,31,271,0,0.0,0,0,0,"Jenkins, L.",RB,31,2,82,81,0,26,OCO,8,0.5710000000000001
31,5,15,74,15,70,14,51,37,1,1,0,0.0,0,0,0,6,"Bowers Jr, V.",72,219,25,271,5,8.8,16,0,44,"Bowers Jr, V.",RB,25,2,80,67,0,20,OCO,8,0.5710000000000001
32,5,3,72,3,50,14,76,50,1,1,1,0.0,0,0,0,6,"Petrakis, A.",76,219,3,271,0,0.0,0,0,0,"Petrakis, A.",CB,3,2,87,40,0,37,OCO,8,0.5710000000000001
33,5,1,80,1,71,14,80,55,1,1,19,27.3,107,1,518,6,"Phelps, R.",81,219,22,271,0,0.0,0,0,0,"Phelps, R.",WR,22,2,88,52,0,22,OCO,8,0.5710000000000001
34,6,15,73,15,70,14,45,36,1,1,42,17.8,72,0,749,10,"Diaz, D.",67,374,25,233,0,0.0,0,0,0,"Diaz, D.",RB,25,2,70,73,0,20,SJS,4,0.28600000000000003
35,6,1,80,1,70,14,70,43,1,1,1,1.0,1,0,1,10,"Hardrool, C.",83,374,1,233,0,0.0,0,0,0,"Hardrool, C.",FS,1,2,85,70,0,73,SJS,4,0.28600000000000003
36,6,1,80,1,63,14,80,60,1,1,34,20.0,103,1,680,10,"Weston, S.",78,374,16,233,28,9.9,55,1,277,"Weston, S.",WR,16,2,84,47,0,20,SJS,4,0.28600000000000003
37,7,15,71,15,65,14,42,30,1,1,31,19.1,40,0,591,9,"Wright, O.",70,281,22,245,39,9.4,70,1,368,"Wright, O.",RB,22,2,92,51,0,22,PHI,5,0.35700000000000004
38,7,1,72,1,71,14,70,60,1,1,30,18.6,34,0,557,9,"Jefferson, L.",82,281,7,245,0,0.0,0,0,0,"Jefferson, L.",FS,7,2,90,65,0,70,PHI,5,0.35700000000000004
39,7,1,70,1,66,14,73,42,1,1,1,0.0,0,0,0,9,"Mason, H.",66,281,11,245,0,0.0,0,0,0,"Mason, H.",WR,12,2,78,25,0,20,PHI,5,0.35700000000000004
40,8,1,75,1,63,14,74,46,1,1,34,22.1,96,1,752,11,"Stormblessed, N.",76,335,16,211,48,7.6,52,0,363,"Stormblessed, N.",WR,16,2,95,31,0,26,LV,3,0.214
41,8,1,78,1,60,14,70,40,1,1,43,18.7,35,0,805,11,"Rocket, J.",67,335,10,211,0,0.0,0,0,0,"Rocket, J.",WR,10,2,80,25,0,20,LV,3,0.214
42,8,15,50,15,65,14,40,30,1,1,1,-1.0,0,0,-1,11,"BlockBot, Z.",32,335,20,211,0,0.0,0,0,0,"BlockBot, Z.",FB,20,2,55,50,0,20,LV,3,0.214
43,1,1,75,1,63,14,74,46,1,1,38,26.8,92,1,1019,5,"Stormblessed, N.",76,270,16,317,6,7.7,18,0,46,"Stormblessed, N.",WR,16,3,95,31,0,26,BAL,9,0.643
44,1,1,77,1,64,14,74,55,1,1,26,28.7,91,1,745,5,"Willie, T.",77,270,18,317,0,0.0,0,0,0,"Willie, T.",WR,18,3,92,38,0,28,BAL,9,0.643
45,1,1,71,1,65,14,30,70,1,1,0,0.0,0,0,0,5,"Wright, J.",78,270,1,317,1,13.0,13,0,13,"Wright, J.",LB,1,3,80,70,0,75,BAL,9,0.643
46,1,15,74,15,71,14,52,34,1,1,1,33.0,33,0,33,5,"Farlane, D.",72,270,24,317,0,0.0,0,0,0,"Farlane, D.",RB,24,3,88,52,0,24,BAL,9,0.643
47,1,1,75,1,60,14,72,70,1,1,8,24.2,37,0,194,5,"Delacour, A.",85,270,1,317,45,9.5,88,1,429,"Delacour, A.",CB,1,3,96,45,0,55,BAL,9,0.643
48,2,1,77,1,60,14,70,40,1,1,3,10.7,18,0,32,7,"Law, D.",71,275,10,332,0,0.0,0,0,0,"Law, D.",WR,10,3,89,27,0,20,YKW,7,0.5
49,2,3,90,3,73,14,80,55,3,3,23,28.3,102,1,652,7,"Garden, J.",85,275,20,332,0,0.0,0,0,0,"Garden, J.",WR,20,3,91,55,0,30,YKW,7,0.5
50,2,3,80,3,77,14,74,75,3,3,14,19.9,35,0,279,7,"Lavelle, D.",90,275,11,332,46,11.0,77,1,508,"Lavelle, D.",CB,11,3,92,63,0,63,YKW,7,0.5
51,2,1,55,1,66,14,63,51,1,1,1,2.0,2,0,2,7,"Askins, J.",69,275,51,332,0,0.0,0,0,0,"Askins, J.",TE,60,3,60,70,0,30,YKW,7,0.5
52,3,1,80,1,73,14,77,60,1,1,1,27.0,27,0,27,11,"Hendrix, K.",80,372,16,182,0,0.0,0,0,0,"Hendrix, K.",WR,23,3,87,50,0,20,COL,3,0.214
53,3,1,82,1,61,14,58,72,1,1,34,24.1,47,0,820,11,"Hayden, A.",81,372,1,182,0,0.0,0,0,0,"Hayden, A.",CB,1,3,93,42,0,47,COL,3,0.214
54,3,15,73,15,79,14,56,54,1,1,42,22.0,102,1,926,11,"Tweed, B.",84,372,30,182,36,9.0,18,0,323,"Tweed, B.",RB,30,3,100,72,0,30,COL,3,0.214
55,3,1,79,1,70,14,56,50,1,1,21,24.1,101,1,507,11,"Novel, L.",75,372,1,182,0,0.0,0,0,0,"Novel, L.",FS,1,3,82,53,0,60,COL,3,0.214
56,4,1,86,1,70,14,81,52,1,1,14,25.6,40,0,358,1,"Evans, D.",83,166,31,427,0,0.0,0,0,0,"Evans, D.",WR,31,3,90,50,0,20,ARI,13,0.929
57,4,15,80,15,72,14,50,40,1,1,24,25.1,49,0,603,1,"Mackworthy, R.",81,166,22,427,42,5.8,18,0,244,"Mackworthy, R.",RB,22,3,95,75,0,20,ARI,13,0.929
58,4,1,71,1,57,14,52,52,1,1,1,0.0,0,0,0,1,"Harris Jr., F.",76,166,5,427,0,0.0,0,0,0,"Harris Jr., F.",CB,5,3,89,39,0,65,ARI,13,0.929
59,4,1,81,1,73,14,70,74,1,1,4,31.8,35,0,127,1,"Flock, R.",86,166,3,427,8,5.9,18,0,47,"Flock, R.",SS,3,3,90,70,0,70,ARI,13,0.929
60,5,1,83,1,80,14,80,64,1,1,36,27.2,80,0,980,6,"Westfield, B.",86,288,10,406,44,9.5,21,0,418,"Westfield, B.",WR,10,3,95,55,0,20,OCO,8,0.5710000000000001
61,5,1,81,1,80,14,80,55,1,1,29,22.5,39,0,653,6,"Phelps, R.",83,288,22,406,0,0.0,0,0,0,"Phelps, R.",WR,22,3,90,58,0,22,OCO,8,0.5710000000000001
62,5,1,80,1,72,14,41,80,1,1,1,0.0,0,0,0,6,"Bavitz, I.",87,288,7,406,0,0.0,0,0,0,"Bavitz, I.",LB,7,3,90,80,0,75,OCO,8,0.5710000000000001
63,6,15,80,15,70,14,45,36,1,1,9,19.1,30,0,172,8,"Diaz, D.",72,338,25,292,0,0.0,0,0,0,"Diaz, D.",RB,25,3,76,75,1,20,SJS,5,0.39299999999999996
64,6,1,80,1,71,14,90,72,1,1,31,21.3,79,0,660,8,"Jackson, M.",83,338,10,292,0,0.0,0,0,0,"Jackson, M.",WR,10,3,90,37,1,35,SJS,5,0.39299999999999996
65,6,1,80,1,76,14,80,60,1,1,27,25.4,80,0,687,8,"Weston, S.",82,338,16,292,31,6.6,17,0,205,"Weston, S.",WR,16,3,90,50,1,20,SJS,5,0.39299999999999996
66,7,1,83,1,72,14,78,71,1,1,34,23.0,93,1,782,5,"Jefferson, L.",89,328,7,326,0,0.0,0,0,0,"Jefferson, L.",FS,7,3,90,67,1,73,PHI,8,0.607
67,7,1,78,1,71,14,72,67,1,1,1,1.0,1,0,1,5,"O'Sullivan, K.",85,328,9,326,0,0.0,0,0,0,"O'Sullivan, K.",CB,9,3,83,57,1,70,PHI,8,0.607
68,7,1,78,1,70,14,70,60,1,1,1,0.0,0,0,0,5,"Marmeladov, V.",83,328,1,326,0,0.0,0,0,0,"Marmeladov, V.",FS,1,3,86,67,1,70,PHI,8,0.607
69,7,1,60,1,45,14,35,40,1,1,1,0.0,0,0,0,5,"StoneHandsBot, Z.",49,328,1,326,0,0.0,0,0,0,"StoneHandsBot, Z.",CB,1,3,60,30,1,30,PHI,8,0.607
70,7,15,71,15,65,14,42,30,1,1,31,21.8,35,0,675,5,"Wright, O.",73,328,22,326,36,7.9,34,0,285,"Wright, O.",RB,22,3,92,68,1,22,PHI,8,0.607
71,8,1,82,1,70,14,85,50,1,1,25,25.6,43,0,641,12,"LeClair, A.",77,444,10,199,0,0.0,0,0,0,"LeClair, A.",WR,10,3,86,33,0,20,LV,2,0.14300000000000002
72,8,1,55,1,60,5,55,40,1,1,11,13.9,20,0,153,12,"StoneHandsBot, Z.",50,444,10,199,0,0.0,0,0,0,"StoneHandsBot, Z.",WR,10,3,60,25,0,20,LV,2,0.14300000000000002
73,8,1,80,1,65,14,78,60,1,1,36,23.3,36,0,838,12,"Ross, J.",75,444,20,199,15,2.6,12,0,39,"Ross, J.",WR,20,3,82,35,0,20,LV,2,0.14300000000000002
74,8,1,46,1,65,14,60,57,1,1,1,-1.0,0,0,-1,12,"Larsendorf, R.",58,444,50,199,0,0.0,0,0,0,"Larsendorf, R.",TE,50,3,50,50,0,30,LV,2,0.14300000000000002
75,1,1,80,1,80,14,61,52,1,1,10,21.6,41,0,216,7,"Taylor, O.",86,324,36,315,0,0.0,0,0,0,"Taylor, O.",RB,24,4,95,75,0,24,BAL,7,0.5
76,1,1,75,1,63,14,74,46,1,1,23,18.7,35,0,429,7,"Stormblessed, N.",76,324,16,315,0,0.0,0,0,0,"Stormblessed, N.",WR,16,4,95,31,0,26,BAL,7,0.5
77,1,1,80,1,60,14,74,70,1,1,0,0.0,0,0,0,7,"Delacour, A.",89,324,1,315,35,8.3,54,1,290,"Delacour, A.",CB,1,4,100,45,0,55,BAL,7,0.5
78,1,1,80,1,77,14,80,57,1,1,29,23.0,42,0,667,7,"Willie, T.",82,324,22,315,0,0.0,0,0,0,"Willie, T.",WR,22,4,95,38,0,28,BAL,7,0.5
79,2,3,90,3,71,14,88,64,3,3,31,25.0,64,0,774,6,"Cook, B.",90,279,34,361,0,0.0,0,0,0,"Cook, B.",WR,34,4,90,69,0,32,YKW,8,0.5710000000000001
80,2,3,89,3,80,14,74,76,3,3,26,23.4,99,1,608,6,"Lavelle, D.",93,279,15,361,39,6.9,20,0,270,"Lavelle, D.",CB,15,4,95,55,0,65,YKW,8,0.5710000000000001
81,2,15,80,15,78,14,80,60,1,1,1,0.0,0,0,0,6,"Kennedy, E.",87,279,38,361,0,0.0,0,0,0,"Kennedy, E.",RB,36,4,86,75,0,24,YKW,8,0.5710000000000001
82,3,1,80,1,73,14,77,60,1,1,2,62.0,104,1,124,13,"Hendrix, K.",80,482,16,175,0,0.0,0,0,0,"Hendrix, K.",WR,23,4,87,50,0,20,COL,1,0.071
83,3,15,80,15,86,14,70,56,1,1,36,24.3,44,0,876,13,"Tweed, B.",90,482,34,175,25,13.7,81,1,342,"Tweed, B.",RB,34,4,100,73,0,34,COL,1,0.071
84,3,1,85,1,64,14,58,72,1,1,51,23.8,41,0,1214,13,"Hayden, A.",82,482,1,175,0,0.0,0,0,0,"Hayden, A.",CB,1,4,95,42,0,47,COL,1,0.071
85,3,15,74,15,71,14,52,34,1,1,3,19.3,26,0,58,13,"Farlane, D.",72,482,24,175,0,0.0,0,0,0,"Farlane, D.",RB,24,4,88,52,0,24,COL,1,0.071
86,3,1,82,1,77,14,75,71,1,1,4,27.2,40,0,109,13,"Boggs, B.",89,482,11,175,0,0.0,0,0,0,"Boggs, B.",CB,11,4,90,44,0,70,COL,1,0.071
87,4,3,92,3,83,14,85,57,3,3,0,0.0,0,0,0,2,"Garden, J.",88,203,24,435,62,9.5,87,2,588,"Garden, J.",WR,25,4,92,57,0,34,ARI,12,0.857
88,4,1,87,1,60,14,81,52,1,1,26,22.9,43,0,596,2,"Evans, D.",85,203,10,435,0,0.0,0,0,0,"Evans, D.",WR,10,4,100,50,0,20,ARI,12,0.857
89,4,15,80,15,74,14,50,40,1,1,27,27.9,73,0,752,2,"Mackworthy, R.",82,203,22,435,0,0.0,0,0,0,"Mackworthy, R.",RB,22,4,97,75,0,20,ARI,12,0.857
90,5,1,81,1,80,14,86,55,1,1,25,20.5,40,0,512,5,"Phelps, R.",85,238,22,421,0,0.0,0,0,0,"Phelps, R.",WR,22,4,90,59,0,22,OCO,9,0.643
91,5,1,70,1,72,14,25,52,1,1,1,1.0,1,0,1,5,"Boom, J.",88,238,1,421,0,0.0,0,0,0,"Boom, J.",DE,1,4,80,89,0,76,OCO,9,0.643
92,5,1,85,1,81,14,90,66,1,1,26,27.2,108,1,708,5,"Westfield, B.",90,238,14,421,38,10.1,88,1,384,"Westfield, B.",WR,14,4,95,60,0,24,OCO,9,0.643
93,6,1,84,1,71,14,90,80,1,1,31,23.9,80,0,742,5,"Jackson, M.",85,264,10,373,0,0.0,0,0,0,"Jackson, M.",WR,10,4,91,37,0,35,SJS,9,0.643
94,6,1,80,1,80,14,83,60,1,1,25,20.0,40,0,500,5,"Weston, S.",83,264,16,373,42,8.3,45,1,348,"Weston, S.",WR,16,4,91,50,0,20,SJS,9,0.643
95,7,1,90,1,75,14,64,80,1,1,0,0.0,0,0,0,7,"Cushing, K.",90,350,9,265,40,7.7,23,0,309,"Cushing, K.",CB,9,4,91,58,0,67,PHI,7,0.5
96,7,1,61,15,65,14,40,30,1,1,41,20.3,101,1,833,7,"Kroetch, D.",71,350,20,265,0,0.0,0,0,0,"Kroetch, D.",RB,20,4,95,67,0,20,PHI,7,0.5
97,7,1,84,1,73,14,71,71,1,1,29,29.0,99,1,841,7,"Oles, T.",91,350,13,265,0,0.0,0,0,0,"Oles, T.",CB,13,4,95,54,0,69,PHI,7,0.5
98,8,1,87,1,71,14,78,81,1,1,0,0.0,0,0,0,11,"Carter, P.",91,439,9,234,32,6.6,19,0,210,"Carter, P.",CB,9,4,90,58,0,62,LV,3,0.214
99,8,1,74,1,65,14,27,54,1,1,41,19.8,37,0,811,11,"Fulton, W.",85,439,3,234,0,0.0,0,0,0,"Fulton, W.",LB,3,4,88,80,0,83,LV,3,0.214
100,8,1,82,1,70,14,86,50,1,1,42,25.2,47,0,1060,11,"LeClair, A.",81,439,10,234,0,0.0,0,0,0,"LeClair, A.",WR,10,4,94,33,0,20,LV,3,0.214
101,1,1,88,1,70,14,90,65,1,1,42,27.0,91,0,1134,6,"LeClair, A.",87,340,10,405,0,0.0,0,0,0,"LeClair, A.",WR,10,5,95,45,0,20,BAL,8,0.5710000000000001
102,1,1,90,1,82,14,85,59,1,1,30,26.6,44,0,798,6,"Willie, T.",88,340,26,405,0,0.0,0,0,0,"Willie, T.",WR,26,5,95,46,0,35,BAL,8,0.5710000000000001
103,1,1,85,1,66,14,75,80,1,1,0,0.0,0,0,0,6,"Delacour, A.",93,340,5,405,30,7.9,20,0,236,"Delacour, A.",CB,5,5,100,55,0,60,BAL,8,0.5710000000000001
104,2,1,70,1,74,14,29,70,1,1,1,0.0,0,0,0,4,"Ridley, W.",83,310,1,433,0,0.0,0,0,0,"Ridley, W.",LB,1,5,80,76,0,82,YKW,10,0.7140000000000001
105,2,3,94,3,81,14,74,83,3,3,28,23.5,45,0,658,4,"Lavelle, D.",96,310,19,433,38,12.0,85,1,456,"Lavelle, D.",CB,19,5,98,57,0,65,YKW,10,0.7140000000000001
106,2,3,90,3,77,14,92,66,3,3,38,27.3,103,1,1037,4,"Cook, B.",92,310,35,433,0,0.0,0,0,0,"Cook, B.",WR,38,5,90,70,0,35,YKW,10,0.7140000000000001
107,3,1,81,1,71,14,66,72,1,1,37,22.8,108,2,843,12,"Bly Jr., A.",87,407,13,180,19,7.8,18,0,148,"Bly Jr., A.",CB,13,5,91,61,0,65,COL,2,0.14300000000000002
108,3,1,85,1,80,14,75,71,1,1,39,27.4,98,2,1070,12,"Boggs, B.",90,407,11,180,10,7.8,19,0,78,"Boggs, B.",CB,11,5,91,44,0,70,COL,2,0.14300000000000002
109,4,1,90,1,73,14,61,72,1,1,32,23.4,104,1,750,6,"Hayden, A.",85,431,1,436,26,13.0,65,1,337,"Hayden, A.",CB,1,5,95,42,0,47,AZ,8,0.5710000000000001
110,4,15,84,15,74,14,50,40,1,1,46,24.9,108,1,1146,6,"Mackworthy, R.",84,431,22,436,0,0.0,0,0,0,"Mackworthy, R.",RB,22,5,99,75,0,20,AZ,8,0.5710000000000001
111,5,1,91,1,90,14,90,70,1,1,31,21.6,43,0,670,3,"Westfield, B.",93,265,16,421,37,9.2,69,1,340,"Westfield, B.",WR,16,5,95,65,0,26,OCO,11,0.7859999999999999
112,5,1,88,1,80,14,87,60,1,1,6,24.3,31,0,146,3,"Phelps, R.",87,265,22,421,0,0.0,0,0,0,"Phelps, R.",WR,22,5,90,60,0,22,OCO,11,0.7859999999999999
113,5,15,80,15,80,14,75,52,1,1,19,27.2,80,0,517,3,"Yates, J.",90,265,24,421,3,14.0,15,0,42,"Yates, J.",RB,24,5,100,75,0,20,OCO,11,0.7859999999999999
114,5,15,64,15,70,14,75,50,1,1,1,0.0,0,0,0,3,"Petrakis, A.",84,265,60,421,0,0.0,0,0,0,"Petrakis, A.",FB,60,5,75,75,0,20,OCO,11,0.7859999999999999
115,6,1,90,1,89,14,90,72,1,1,34,22.8,96,1,774,6,"Jackson, M.",87,374,14,343,0,0.0,0,0,0,"Jackson, M.",WR,14,5,91,37,0,35,SJS,8,0.5710000000000001
116,6,1,80,1,80,14,75,77,1,1,1,-2.0,0,0,-2,6,"Canton, J.",89,374,5,343,0,0.0,0,0,0,"Canton, J.",CB,5,5,100,50,0,50,SJS,8,0.5710000000000001
117,6,1,89,1,73,14,81,72,1,1,1,0.0,0,0,0,6,"Jefferson, L.",92,374,11,343,0,0.0,0,0,0,"Jefferson, L.",FS,11,5,90,69,0,74,SJS,8,0.5710000000000001
118,6,1,80,1,80,14,86,60,1,1,41,25.0,57,0,1027,6,"Weston, S.",87,374,16,343,31,6.9,18,0,215,"Weston, S.",WR,17,5,97,55,0,20,SJS,8,0.5710000000000001
119,6,1,84,1,80,14,80,70,1,1,1,-2.0,0,0,-2,6,"Brill, J.",87,374,1,343,0,0.0,0,0,0,"Brill, J.",SS,1,5,86,70,0,75,SJS,8,0.5710000000000001
120,7,1,92,1,79,14,66,86,1,1,0,0.0,0,0,0,6,"Cushing, K.",93,339,13,405,16,10.7,57,0,171,"Cushing, K.",CB,13,5,93,63,0,69,PHI,8,0.5710000000000001
121,7,1,75,15,65,14,40,30,1,1,36,21.2,39,0,762,6,"Kroetch, D.",75,339,20,405,0,0.0,0,0,0,"Kroetch, D.",RB,20,5,95,70,0,20,PHI,8,0.5710000000000001
122,7,3,92,3,85,14,86,60,3,3,0,0.0,0,0,0,6,"Garden, J.",91,339,32,405,5,5.8,14,0,29,"Garden, J.",WR,32,5,92,65,0,34,PHI,8,0.5710000000000001
123,7,1,79,1,80,14,80,70,1,1,0,0.0,0,0,0,6,"DiMirio, P.",93,339,50,405,4,9.5,18,0,38,"DiMirio, P.",TE,50,5,89,80,0,35,PHI,8,0.5710000000000001
124,7,1,80,1,70,14,31,50,1,1,1,3.0,3,0,3,6,"Tucker, P.",85,339,1,405,0,0.0,0,0,0,"Tucker, P.",LB,1,5,85,84,0,80,PHI,8,0.5710000000000001
125,7,1,90,1,74,14,72,80,1,1,35,32.0,97,1,1120,6,"Oles, T.",95,339,17,405,0,0.0,0,0,0,"Oles, T.",CB,17,5,96,65,0,70,PHI,8,0.5710000000000001
126,8,1,95,1,72,14,81,60,1,1,44,28.7,99,0,1264,13,"Evans, D.",89,453,10,296,29,10.8,21,0,314,"Evans, D.",WR,10,5,100,50,0,20,LV,1,0.071
127,8,1,80,1,71,14,70,70,1,1,36,24.9,55,0,898,13,"Oakes, B.",82,453,1,296,0,0.0,0,0,0,"Oakes, B.",FS,1,5,90,50,0,60,LV,1,0.071
128,8,1,75,1,84,14,75,65,1,1,1,0.0,0,0,0,13,"Askins, J.",87,453,53,296,0,0.0,0,0,0,"Askins, J.",TE,70,5,80,76,0,30,LV,1,0.071
129,1,1,73,1,65,14,51,74,1,1,1,-3.0,0,0,-3,7,"Goodson, N.",87,351,1,397,0,0.0,0,0,0,"Goodson, N.",LB,1,6,85,80,0,84,BAL,7,0.5
130,1,1,95,1,84,14,90,61,1,1,42,32.0,105,2,1346,7,"Willie, T.",91,351,26,397,0,0.0,0,0,0,"Willie, T.",WR,26,6,95,52,0,35,BAL,7,0.5
131,1,1,94,1,70,14,90,71,1,1,35,24.4,45,0,854,7,"LeClair, A.",89,351,10,397,0,0.0,0,0,0,"LeClair, A.",WR,10,6,95,45,0,20,BAL,7,0.5
132,1,1,94,1,70,14,75,85,1,1,0,0.0,0,0,0,7,"Delacour, A.",97,351,5,397,24,7.7,21,0,184,"Delacour, A.",CB,5,6,100,60,0,60,BAL,7,0.5
133,2,1,76,1,71,14,72,75,1,1,1,2.0,2,0,2,6,"Taylor, C.",87,339,5,385,0,0.0,0,0,0,"Taylor, C.",SS,5,6,90,73,1,80,YKW,7,0.536
134,2,3,99,3,86,14,75,84,3,3,34,25.9,47,0,882,6,"Lavelle, D.",100,339,24,385,34,13.7,71,1,466,"Lavelle, D.",CB,24,6,99,59,1,69,YKW,7,0.536
135,2,3,90,3,81,14,96,70,3,3,34,26.0,108,3,885,6,"Cook, B.",94,339,35,385,0,0.0,0,0,0,"Cook, B.",WR,42,6,90,70,1,35,YKW,7,0.536
136,3,1,86,1,72,14,72,75,1,1,50,25.1,42,0,1254,14,"Bly Jr., A.",92,541,13,197,33,7.5,39,0,246,"Bly Jr., A.",CB,13,6,93,61,0,70,COL,0,0.0
137,3,15,94,15,99,14,72,74,1,1,46,26.2,99,1,1206,14,"Tweed, B.",97,541,40,197,0,0.0,0,0,0,"Tweed, B.",RB,40,6,100,70,0,41,COL,0,0.0
138,4,15,88,15,77,14,70,40,1,1,45,29.8,107,1,1339,6,"Mackworthy, R.",89,374,22,336,0,0.0,0,0,0,"Mackworthy, R.",RB,22,6,100,70,0,20,AZ,8,0.5710000000000001
139,4,1,90,1,73,14,61,72,1,1,0,0.0,0,0,0,6,"Hayden, A.",85,374,1,336,19,8.3,31,0,158,"Hayden, A.",CB,1,6,95,42,0,47,AZ,8,0.5710000000000001
140,4,1,73,1,71,14,82,48,1,1,36,22.8,78,0,822,6,"Browning, B.",83,374,26,336,0,0.0,0,0,0,"Browning, B.",WR,26,6,100,50,0,20,AZ,8,0.5710000000000001
141,5,1,75,1,90,14,25,73,1,1,1,3.0,3,0,3,3,"Clegane, G.",97,254,1,471,0,0.0,0,0,0,"Clegane, G.",DT,1,6,75,95,0,86,OCO,11,0.7859999999999999
142,5,1,90,1,81,14,89,60,1,1,1,-2.0,0,0,-2,3,"Phelps, R.",89,254,22,471,0,0.0,0,0,0,"Phelps, R.",WR,22,6,90,61,0,22,OCO,11,0.7859999999999999
143,5,15,84,15,85,14,75,52,1,1,23,23.5,44,0,540,3,"Yates, J.",90,254,24,471,0,0.0,0,0,0,"Yates, J.",RB,24,6,100,70,0,20,OCO,11,0.7859999999999999
144,5,1,72,1,70,14,71,70,1,1,1,-3.0,0,0,-3,3,"King, J.",85,254,1,471,0,0.0,0,0,0,"King, J.",CB,1,6,95,50,0,60,OCO,11,0.7859999999999999
145,5,1,84,1,84,14,71,80,1,1,1,-1.0,0,0,-1,3,"Spector, M.",95,254,9,471,0,0.0,0,0,0,"Spector, M.",CB,9,6,99,65,0,70,OCO,11,0.7859999999999999
146,5,1,97,1,94,14,90,70,1,1,28,23.3,44,0,653,3,"Westfield, B.",95,254,19,471,42,12.4,69,2,521,"Westfield, B.",WR,19,6,95,65,0,28,OCO,11,0.7859999999999999
147,6,1,65,1,60,14,20,60,1,1,1,0.0,0,0,0,3,"Probincrux III, D.",88,302,84,386,0,0.0,0,0,0,"Probincrux III, D.",G,85,6,65,98,0,35,SJS,11,0.7859999999999999
148,6,1,53,1,66,14,12,41,1,1,1,-3.0,0,0,-3,3,"Taylor, B.",60,302,69,386,0,0.0,0,0,0,"Taylor, B.",C,50,6,47,85,0,22,SJS,11,0.7859999999999999
149,6,1,80,1,80,14,88,60,1,1,32,27.5,98,1,880,3,"Weston, S.",88,302,16,386,37,10.1,19,0,374,"Weston, S.",WR,17,6,98,56,0,20,SJS,11,0.7859999999999999
150,6,1,90,1,89,14,90,72,1,1,32,21.7,40,0,694,3,"Jackson, M.",89,302,14,386,0,0.0,0,0,0,"Jackson, M.",WR,14,6,96,37,0,35,SJS,11,0.7859999999999999
151,7,1,80,15,70,14,40,30,1,1,36,27.2,108,1,980,5,"Kroetch, D.",77,313,20,440,0,0.0,0,0,0,"Kroetch, D.",RB,20,6,96,65,0,20,PHI,9,0.643
152,7,1,81,1,84,14,80,75,1,1,0,0.0,0,0,0,5,"DiMirio, P.",95,313,50,440,2,6.5,8,0,13,"DiMirio, P.",TE,50,6,90,80,0,35,PHI,9,0.643
153,7,3,92,3,85,14,86,60,3,3,31,26.4,57,0,818,5,"Garden, J.",91,313,32,440,37,10.4,69,0,383,"Garden, J.",WR,32,6,92,65,0,34,PHI,9,0.643
154,8,15,88,15,71,14,70,44,1,1,13,20.4,40,0,265,11,"Savea, A.",88,377,31,239,0,0.0,0,0,0,"Savea, A.",RB,31,6,91,80,1,26,NO,2,0.179
155,8,1,95,1,80,14,85,70,1,1,37,28.5,99,0,1053,11,"Evans, D.",94,377,10,239,32,11.2,73,1,357,"Evans, D.",WR,10,6,100,65,1,20,NO,2,0.179
156,8,1,89,1,71,14,70,70,1,1,25,24.0,39,0,600,11,"Oakes, B.",86,377,1,239,0,0.0,0,0,0,"Oakes, B.",FS,1,6,92,56,1,60,NO,2,0.179
157,1,1,100,1,89,14,90,64,1,1,31,28.3,48,0,878,7,"Willie, T.",95,333,26,405,0,0.0,0,0,0,"Willie, T.",WR,34,7,95,65,0,35,BAL,7,0.5
158,1,1,100,1,70,14,90,76,1,1,45,28.8,47,0,1297,7,"LeClair, A.",91,333,10,405,0,0.0,0,0,0,"LeClair, A.",WR,10,7,95,45,0,20,BAL,7,0.5
159,1,1,100,1,76,14,75,85,1,1,0,0.0,0,0,0,7,"Delacour, A.",100,333,5,405,29,11.8,75,1,343,"Delacour, A.",CB,5,7,100,65,0,70,BAL,7,0.5
160,2,1,74,1,58,14,65,53,1,1,1,-3.0,0,0,-3,1,"Cutter, D.",75,272,3,468,0,0.0,0,0,0,"Cutter, D.",CB,3,7,80,38,0,54,YKW,13,0.929
161,2,1,95,1,80,14,90,82,1,1,6,28.5,41,0,171,1,"Kennedy, E.",97,272,10,468,0,0.0,0,0,0,"Kennedy, E.",WR,27,7,100,65,0,20,YKW,13,0.929
162,2,3,99,3,96,14,75,85,3,3,24,28.8,91,0,692,1,"Lavelle, D.",100,272,25,468,39,10.2,86,2,399,"Lavelle, D.",CB,25,7,99,62,0,70,YKW,13,0.929
163,2,3,90,3,81,14,96,70,3,3,27,32.7,102,1,882,1,"Cook, B.",94,272,35,468,0,0.0,0,0,0,"Cook, B.",WR,42,7,90,70,0,35,YKW,13,0.929
164,3,1,90,1,72,14,73,82,1,1,49,22.9,44,0,1121,14,"Bly Jr., A.",96,501,13,137,21,8.2,20,0,173,"Bly Jr., A.",CB,13,7,95,67,0,70,COL,0,0.0
165,3,1,80,1,64,14,81,40,1,1,47,23.4,77,0,1098,14,"(R) Miller, H.",81,501,10,137,0,0.0,0,0,0,"(R) Miller, H.",WR,10,7,95,55,0,20,COL,0,0.0
166,4,15,90,15,78,14,70,40,1,1,46,27.1,95,0,1247,9,"Mackworthy, R.",91,433,22,357,21,13.0,76,2,274,"Mackworthy, R.",RB,22,7,100,75,0,20,AZ,5,0.35700000000000004
167,4,1,85,1,71,14,82,48,1,1,44,24.3,105,1,1070,9,"Browning, B.",86,433,26,357,0,0.0,0,0,0,"Browning, B.",WR,26,7,100,50,0,20,AZ,5,0.35700000000000004
168,5,15,84,15,85,14,75,52,1,1,29,23.2,43,0,674,2,"Yates, J.",55,274,24,461,0,0.0,0,0,0,"Yates, J.",FB,24,7,100,70,0,20,OCO,12,0.857
169,5,25,85,25,100,14,55,85,23,25,1,2.0,2,0,2,2,"Winchester, A.",98,274,25,461,0,0.0,0,0,0,"Winchester, A.",LB,25,7,85,85,0,95,OCO,12,0.857
170,5,1,100,1,99,14,90,80,1,1,34,30.9,108,1,1050,2,"Westfield, B.",97,274,21,461,47,6.7,21,0,313,"Westfield, B.",WR,21,7,95,65,0,32,OCO,12,0.857
171,6,1,97,1,89,14,90,72,1,1,37,32.0,97,1,1185,9,"Jackson, M.",90,380,14,304,0,0.0,0,0,0,"Jackson, M.",WR,14,7,95,37,0,35,SJS,5,0.35700000000000004
172,6,1,63,1,65,14,26,60,1,1,1,1.0,1,0,1,9,"Chunk, L.",70,380,1,304,0,0.0,0,0,0,"Chunk, L.",LB,1,7,70,70,0,67,SJS,5,0.35700000000000004
173,6,1,80,1,80,14,88,60,1,1,45,28.2,93,0,1267,9,"Weston, S.",88,380,16,304,38,9.4,65,2,359,"Weston, S.",WR,17,7,99,56,0,20,SJS,5,0.35700000000000004
174,7,15,80,15,70,14,40,30,1,1,29,27.6,75,0,800,4,"Kroetch, D.",77,303,20,426,0,0.0,0,0,0,"Kroetch, D.",RB,20,7,98,65,0,20,PHI,10,0.7140000000000001
175,7,3,92,3,85,14,86,60,3,3,35,28.9,44,0,1013,4,"Garden, J.",91,303,32,426,4,11.8,18,0,47,"Garden, J.",WR,32,7,92,65,0,34,PHI,10,0.7140000000000001
176,7,1,93,1,81,14,70,89,1,1,1,-1.0,0,0,-1,4,"Cushing, K.",96,303,13,426,24,9.6,19,0,230,"Cushing, K.",CB,17,7,94,68,0,71,PHI,10,0.7140000000000001
177,7,1,85,1,91,14,80,75,1,1,0,0.0,0,0,0,4,"DiMirio, P.",82,303,50,426,9,4.6,11,0,41,"DiMirio, P.",FB,50,7,90,80,0,35,PHI,10,0.7140000000000001
178,7,1,85,1,80,14,89,53,1,1,1,-1.0,0,0,-1,4,"North, F.",89,303,24,426,0,0.0,0,0,0,"North, F.",WR,24,7,95,62,0,26,PHI,10,0.7140000000000001
179,8,1,94,1,80,14,73,70,1,1,35,29.5,93,1,1031,10,"Oakes, B.",91,366,1,304,0,0.0,0,0,0,"Oakes, B.",FS,1,7,95,60,0,60,NO,4,0.28600000000000003
180,8,1,85,1,77,14,70,70,1,1,6,32.2,42,0,193,10,"Broxton, J.",90,366,1,304,10,7.8,19,0,78,"Broxton, J.",FS,1,7,95,70,0,70,NO,4,0.28600000000000003
181,8,1,95,1,81,14,86,80,1,1,34,24.8,44,0,842,10,"Evans, D.",95,366,10,304,45,11.4,66,0,511,"Evans, D.",WR,10,7,100,65,0,20,NO,4,0.28600000000000003
182,1,1,100,1,89,14,90,64,1,1,38,23.1,48,0,879,7,"Willie, T.",95,329,26,403,0,0.0,0,0,0,"Willie, T.",WR,34,8,95,65,0,35,BAL,7,0.5
183,1,1,93,1,70,14,90,80,1,1,33,27.6,99,1,912,7,"LeClair, A.",93,329,10,403,0,0.0,0,0,0,"LeClair, A.",WR,10,8,95,65,0,20,BAL,7,0.5
184,1,1,95,1,70,14,75,85,1,1,0,0.0,0,0,0,7,"Delacour, A.",99,329,1,403,31,10.7,85,1,333,"Delacour, A.",CB,1,8,100,60,0,70,BAL,7,0.5
185,2,15,80,15,80,14,56,51,1,1,2,12.0,15,0,24,3,"Rainey, R.",84,286,20,446,0,0.0,0,0,0,"Rainey, R.",RB,25,8,90,85,0,20,YKW,11,0.7859999999999999
186,2,25,100,25,100,14,75,85,5,25,34,27.4,49,0,931,3,"Lavelle, D.",100,286,25,446,9,7.8,20,0,70,"Lavelle, D.",CB,25,8,100,65,0,70,YKW,11,0.7859999999999999
187,2,1,85,3,81,14,92,67,1,1,0,0.0,0,0,0,3,"Cook, B.",91,286,20,446,21,13.0,71,1,272,"Cook, B.",WR,40,8,90,70,0,20,YKW,11,0.7859999999999999
188,2,1,95,1,90,14,90,84,1,1,27,25.2,94,1,681,3,"Kennedy, E.",98,286,10,446,0,0.0,0,0,0,"Kennedy, E.",WR,35,8,100,65,0,28,YKW,11,0.7859999999999999
189,3,15,80,15,70,14,40,30,1,1,29,22.8,42,0,662,8,"Kroetch, D.",77,338,20,240,0,0.0,0,0,0,"Kroetch, D.",RB,20,8,98,65,0,20,COL,6,0.429
190,3,1,80,1,80,14,82,40,1,1,44,24.6,42,0,1084,8,"Miller, H.",86,338,10,240,0,0.0,0,0,0,"Miller, H.",WR,10,8,100,60,0,20,COL,6,0.429
191,3,1,93,1,85,14,80,83,1,1,17,26.6,98,1,453,8,"Bly Jr., A.",99,338,13,240,26,5.8,19,0,152,"Bly Jr., A.",CB,13,8,95,70,0,70,COL,6,0.429
192,4,15,85,15,79,14,70,30,1,1,33,27.1,42,0,894,9,"Mackworthy, R.",88,379,20,338,29,10.5,59,0,304,"Mackworthy, R.",RB,20,8,100,75,0,20,AZ,5,0.35700000000000004
193,4,1,94,1,88,14,75,70,1,1,8,28.9,45,0,231,9,"Morris, D.",94,379,1,338,5,19.2,25,0,96,"Morris, D.",FS,1,8,95,70,0,70,AZ,5,0.35700000000000004
194,4,1,70,1,71,14,80,67,1,1,29,23.3,108,1,676,9,"Wachter, J.",80,379,24,338,0,0.0,0,0,0,"Wachter, J.",WR,24,8,85,62,0,24,AZ,5,0.35700000000000004
195,5,1,100,1,98,14,85,80,1,1,28,26.8,47,0,751,4,"Westfield, B.",95,289,1,432,36,10.6,73,1,381,"Westfield, B.",WR,1,8,95,65,0,22,OCO,10,0.7140000000000001
196,5,1,75,1,70,14,20,55,1,1,6,20.0,29,0,120,4,"Wesson, D.",86,289,80,432,0,0.0,0,0,0,"Wesson, D.",T,80,8,71,100,0,35,OCO,10,0.7140000000000001
197,5,1,90,1,84,14,75,82,1,1,26,26.2,44,0,682,4,"Spector, M.",98,289,9,432,0,0.0,0,0,0,"Spector, M.",CB,9,8,100,65,0,70,OCO,10,0.7140000000000001
198,6,1,80,1,80,14,83,60,1,1,49,20.6,40,0,1011,13,"Weston, S.",84,553,16,191,27,14.5,79,1,391,"Weston, S.",WR,17,8,95,47,0,20,SJS,1,0.071
199,6,1,93,1,88,14,90,72,1,1,56,29.2,104,2,1636,13,"Jackson, M.",89,553,10,191,0,0.0,0,0,0,"Jackson, M.",WR,10,8,94,37,0,35,SJS,1,0.071
200,7,15,90,15,70,14,80,64,1,1,23,24.7,41,0,568,7,"Bush, C.",55,373,25,387,9,7.7,16,0,69,"Bush, C.",FB,25,8,90,62,0,20,PHI,7,0.5
201,7,1,85,1,80,14,89,53,1,1,1,-3.0,0,0,-3,7,"North, F.",89,373,24,387,17,8.9,18,0,151,"North, F.",WR,24,8,95,62,0,26,PHI,7,0.5
202,7,3,92,1,75,14,84,58,1,1,33,24.4,89,0,806,7,"Garden, J.",88,373,25,387,0,0.0,0,0,0,"Garden, J.",WR,25,8,92,60,0,20,PHI,7,0.5
203,8,1,80,1,70,14,65,70,1,1,1,2.0,2,0,2,5,"(R) Harrison, W.",81,303,1,413,0,0.0,0,0,0,"(R) Harrison, W.",FS,1,8,90,60,0,55,NO,9,0.643
204,8,1,92,1,90,14,75,80,1,1,0,0.0,0,0,0,5,"Bayley, B.",99,303,1,413,18,8.7,20,0,157,"Bayley, B.",CB,1,8,100,65,0,70,NO,9,0.643
205,8,1,95,1,87,14,90,80,1,1,37,24.9,47,0,922,5,"Evans, D.",97,303,10,413,13,11.2,21,0,146,"Evans, D.",WR,10,8,100,65,0,20,NO,9,0.643
206,8,1,80,1,80,14,85,80,1,1,1,2.0,2,0,2,5,"Savea, A.",97,303,41,413,0,0.0,0,0,0,"Savea, A.",TE,59,8,85,85,0,30,NO,9,0.643
207,8,1,90,1,91,14,75,75,1,1,28,24.7,45,0,691,5,"Smallwood, D.",96,303,40,413,0,0.0,0,0,0,"Smallwood, D.",RB,40,8,100,70,0,36,NO,9,0.643
208,8,1,85,1,95,14,80,75,1,1,1,2.0,2,0,2,5,"DiMirio, P.",96,303,50,413,0,0.0,0,0,0,"DiMirio, P.",TE,50,8,90,80,0,35,NO,9,0.643
209,1,1,90,1,73,14,70,80,1,1,20,26.0,44,0,519,3,"Delacour, A.",96,240,1,473,35,7.8,81,0,273,"Delacour, A.",CB,1,9,100,65,0,70,BAL,11,0.7859999999999999
210,1,1,85,1,80,14,90,70,1,1,8,29.0,43,0,232,3,"LeClair, A.",91,240,10,473,0,0.0,0,0,0,"LeClair, A.",WR,10,9,95,65,0,20,BAL,11,0.7859999999999999
211,1,1,100,1,89,14,90,64,1,1,30,25.2,44,0,755,3,"Willie, T.",95,240,26,473,0,0.0,0,0,0,"Willie, T.",WR,34,9,95,65,0,35,BAL,11,0.7859999999999999
212,2,1,90,1,100,14,50,80,1,1,1,2.0,2,0,2,7,"Tweed, B.",96,316,25,380,0,0.0,0,0,0,"Tweed, B.",LB,3,9,90,80,0,90,YKW,7,0.5
213,2,25,100,25,100,14,70,80,1,1,32,28.8,98,1,921,7,"Lavelle, D.",100,316,25,380,46,11.6,75,3,532,"Lavelle, D.",CB,23,9,100,65,0,70,YKW,7,0.5
214,2,1,70,1,75,14,25,60,1,1,5,21.4,28,0,107,7,"Maddox, R.",87,316,1,380,0,0.0,0,0,0,"Maddox, R.",DE,1,9,80,90,0,70,YKW,7,0.5
215,2,1,90,1,92,14,90,80,1,1,30,24.8,46,0,743,7,"Kennedy, E.",96,316,10,380,0,0.0,0,0,0,"Kennedy, E.",WR,35,9,100,65,0,20,YKW,7,0.5
216,3,15,75,15,80,14,71,30,1,1,7,33.1,102,1,232,6,"Grau, M.",80,347,20,333,0,0.0,0,0,0,"Grau, M.",RB,20,9,98,50,0,20,COL,8,0.5710000000000001
217,3,1,93,1,90,14,80,85,1,1,21,23.8,43,0,499,6,"Bly Jr., A.",99,347,13,333,23,4.9,20,0,112,"Bly Jr., A.",CB,21,9,95,70,0,72,COL,8,0.5710000000000001
218,3,15,72,15,70,14,40,30,1,1,3,29.3,37,0,88,6,"Kroetch, D.",70,347,20,333,0,0.0,0,0,0,"Kroetch, D.",RB,20,9,98,40,0,20,COL,8,0.5710000000000001
219,3,1,81,1,90,14,85,54,1,1,38,26.3,99,0,998,6,"Miller, H.",90,347,10,333,0,0.0,0,0,0,"Miller, H.",WR,10,9,100,65,0,20,COL,8,0.5710000000000001
220,4,1,94,1,88,14,75,75,1,1,38,27.5,108,1,1046,11,"Morris, D.",95,433,5,219,30,11.3,72,1,339,"Morris, D.",FS,5,9,96,70,0,73,AZ,3,0.214
221,4,15,85,15,75,14,61,30,1,1,47,25.2,93,0,1184,11,"Mackworthy, R.",84,433,20,219,0,0.0,0,0,0,"Mackworthy, R.",RB,20,9,95,75,0,20,AZ,3,0.214
222,5,1,81,1,83,14,83,52,1,1,28,25.4,42,0,711,5,"Atwell, T.",87,293,11,445,0,0.0,0,0,0,"Atwell, T.",WR,11,9,100,54,0,20,OCO,9,0.643
223,5,1,87,1,90,14,70,80,1,1,39,26.2,102,1,1022,5,"Spector, M.",96,293,1,445,0,0.0,0,0,0,"Spector, M.",CB,1,9,100,65,0,69,OCO,9,0.643
224,5,1,95,1,92,14,86,76,1,1,0,0.0,0,0,0,5,"Westfield, B.",92,293,1,445,33,11.4,70,0,376,"Westfield, B.",WR,1,9,95,60,0,1,OCO,9,0.643
225,6,1,75,1,75,14,71,63,1,1,39,23.3,96,1,909,12,"Canton, J.",84,475,1,184,0,0.0,0,0,0,"Canton, J.",CB,1,9,94,50,0,50,SJS,2,0.14300000000000002
226,6,1,77,1,68,14,80,60,1,1,52,21.5,57,0,1117,12,"Weston, S.",78,475,10,184,25,6.6,19,0,166,"Weston, S.",WR,10,9,95,25,0,20,SJS,2,0.14300000000000002
227,7,1,84,1,71,14,89,50,1,1,46,26.2,97,1,1204,10,"North, F.",85,481,20,218,0,0.0,0,0,0,"North, F.",WR,20,9,93,50,0,20,PHI,4,0.28600000000000003
228,7,1,90,1,70,14,84,45,1,1,43,23.4,42,0,1008,10,"Garden, J.",83,481,10,218,39,10.9,75,1,426,"Garden, J.",WR,10,9,90,48,0,20,PHI,4,0.28600000000000003
229,8,1,88,1,92,14,75,70,1,1,27,23.2,46,0,626,2,"Smallwood, D.",94,197,20,530,0,0.0,0,0,0,"Smallwood, D.",RB,20,9,100,70,0,20,NO,12,0.857
230,8,1,95,1,96,14,70,75,1,1,27,25.7,47,0,695,2,"Bayley, B.",98,197,1,530,37,10.2,72,1,379,"Bayley, B.",CB,1,9,100,65,0,70,NO,12,0.857
231,1,15,95,15,90,14,75,75,1,1,32,25.1,46,0,802,1,"Taylor, O.",97,273,40,486,0,0.0,0,0,0,"Taylor, O.",RB,39,10,100,70,0,31,BAL,13,0.929
232,1,1,69,1,75,14,80,70,1,1,1,9.0,9,0,9,1,"(R) Valentine, V.",81,273,10,486,3,6.3,15,0,19,"(R) Valentine, V.",WR,10,10,95,49,0,20,BAL,13,0.929
233,1,1,86,1,81,14,97,78,1,1,16,15.9,36,0,254,1,"Bush, C.",93,273,20,486,0,0.0,0,0,0,"Bush, C.",WR,20,10,90,72,0,20,BAL,13,0.929
234,1,1,95,1,100,14,90,80,1,1,1,0.0,0,0,0,1,"Willie, T.",96,273,10,486,0,0.0,0,0,0,"Willie, T.",WR,10,10,95,70,0,20,BAL,13,0.929
235,1,1,90,1,65,14,51,84,1,1,1,2.0,2,0,2,1,"Goodson, N.",91,273,1,486,0,0.0,0,0,0,"Goodson, N.",LB,1,10,85,80,0,85,BAL,13,0.929
236,1,1,80,1,77,14,85,48,1,1,23,19.7,42,0,453,1,"Browning, B.",85,273,10,486,47,8.0,69,1,374,"Browning, B.",WR,10,10,100,50,0,20,BAL,13,0.929
237,2,1,100,1,97,14,70,80,1,1,38,30.1,108,2,1145,6,"Lavelle, D.",100,319,9,373,36,13.3,72,2,478,"Lavelle, D.",CB,1,10,100,65,0,70,YKW,8,0.5710000000000001
238,2,1,85,1,92,14,88,80,1,1,29,22.1,42,0,640,6,"Kennedy, E.",91,319,10,373,0,0.0,0,0,0,"Kennedy, E.",WR,10,10,97,50,0,20,YKW,8,0.5710000000000001
239,3,1,93,1,90,14,80,85,1,1,25,28.6,45,0,716,5,"Bly Jr., A.",99,286,13,403,46,8.8,54,1,406,"Bly Jr., A.",CB,21,10,95,70,0,72,COL,9,0.643
240,3,15,70,15,72,14,70,50,1,1,8,19.9,32,0,159,5,"Grau, M.",83,286,58,403,0,0.0,0,0,0,"Grau, M.",RB,58,10,85,85,0,20,COL,9,0.643
241,3,1,88,1,90,14,86,70,1,1,28,30.6,104,2,858,5,"Miller, H.",93,286,10,403,0,0.0,0,0,0,"Miller, H.",WR,10,10,100,65,0,27,COL,9,0.643
242,4,15,80,15,72,14,50,30,1,1,3,12.7,22,0,38,10,"Mackworthy, R.",80,349,20,293,0,0.0,0,0,0,"Mackworthy, R.",RB,20,10,95,73,0,20,AZ,4,0.28600000000000003
243,4,1,77,1,75,14,55,40,1,1,34,22.3,39,0,757,10,"(R) Hobbs, S.",76,349,1,293,27,9.7,85,1,262,"(R) Hobbs, S.",FS,1,10,95,40,0,50,AZ,4,0.28600000000000003
244,4,1,80,1,80,14,70,80,1,1,33,21.2,40,0,701,10,"Barnes, B.",88,349,1,293,0,0.0,0,0,0,"Barnes, B.",FS,1,10,90,80,0,70,AZ,4,0.28600000000000003
245,5,1,75,1,89,14,86,65,1,1,15,22.6,39,0,339,7,"Westfield, B.",87,299,10,247,0,0.0,0,0,0,"Westfield, B.",WR,10,10,95,60,0,20,OCO,7,0.5
246,5,1,87,1,64,14,77,45,1,1,33,25.7,103,1,848,7,"Garden, J.",78,299,10,247,12,11.9,45,0,143,"Garden, J.",WR,10,10,90,36,0,20,OCO,7,0.5
247,5,1,95,1,96,14,75,80,1,1,36,20.8,46,0,749,7,"Broxton, J.",97,299,1,247,15,8.8,21,0,132,"Broxton, J.",FS,1,10,100,70,0,74,OCO,7,0.5
248,6,1,70,1,75,14,70,70,1,1,33,22.4,91,1,738,10,"(R) Poopsie, D.",81,447,1,258,29,5.2,17,0,152,"(R) Poopsie, D.",CB,1,10,95,38,0,50,SJS,4,0.28600000000000003
249,6,1,80,1,73,14,89,60,1,1,54,21.3,88,0,1152,10,"(R) Flash, X.",84,447,20,258,0,0.0,0,0,0,"(R) Flash, X.",WR,20,10,90,50,0,20,SJS,4,0.28600000000000003
250,7,1,65,1,75,14,70,75,1,1,18,22.3,34,0,402,14,"(R) Felix, L.",82,475,1,162,0,0.0,0,0,0,"(R) Felix, L.",CB,1,10,90,60,0,60,PHI,0,0.0
251,7,1,70,1,70,14,55,51,1,1,6,16.3,31,0,98,14,"Verns, D.",73,475,1,162,0,0.0,0,0,0,"Verns, D.",FS,1,10,91,40,0,50,PHI,0,0.0
252,7,1,65,1,60,14,60,40,1,1,3,13.0,14,0,39,14,"Stormblessed, N.",65,475,10,162,0,0.0,0,0,0,"Stormblessed, N.",WR,10,10,88,26,0,20,PHI,0,0.0
253,7,1,70,1,60,14,50,55,1,1,12,27.2,92,1,327,14,"Hayden, A.",73,475,1,162,15,6.7,17,0,101,"Hayden, A.",CB,1,10,92,40,0,45,PHI,0,0.0
254,8,1,94,1,94,14,68,70,1,1,25,26.4,47,0,661,3,"Bayley, B.",97,279,1,505,10,5.6,19,0,56,"Bayley, B.",CB,1,10,100,64,0,70,NO,11,0.7859999999999999
255,8,1,92,1,96,14,90,69,1,1,18,22.7,44,0,409,3,"Crush, C.",95,279,10,505,19,8.4,20,0,159,"Crush, C.",WR,10,10,100,65,0,20,NO,11,0.7859999999999999
256,8,1,89,1,89,14,70,80,1,1,41,27.3,45,0,1118,3,"Fyodorovich, V.",96,279,1,505,27,7.6,19,0,205,"Fyodorovich, V.",CB,1,10,100,65,0,67,NO,11,0.7859999999999999
257,1,15,90,15,89,14,75,71,1,1,35,23.6,46,0,827,5,"Taylor, O.",94,336,30,413,0,0.0,0,0,0,"Taylor, O.",RB,20,11,100,70,0,20,BAL,9,0.643
258,1,1,76,1,80,14,81,70,1,1,35,20.7,58,0,724,5,"Valentine, V.",86,336,10,413,30,11.5,86,2,346,"Valentine, V.",WR,10,11,100,54,0,20,BAL,9,0.643
259,2,1,94,1,90,14,70,80,1,1,48,27.3,98,1,1312,10,"Lavelle, D.",98,413,1,336,29,9.4,70,0,273,"Lavelle, D.",CB,1,11,100,65,0,70,YKW,4,0.28600000000000003
260,2,1,82,1,80,14,75,70,1,1,36,26.0,99,1,935,10,"Pennington, T.",87,413,1,336,0,0.0,0,0,0,"Pennington, T.",FS,1,11,95,70,0,50,YKW,4,0.28600000000000003
261,3,1,82,1,60,14,50,70,1,1,1,3.0,3,0,3,6,"Danger, D.",75,417,1,422,0,0.0,0,0,0,"Danger, D.",CB,1,11,80,50,0,50,COL,8,0.5710000000000001
262,3,1,90,1,92,14,90,80,1,1,34,27.2,65,0,924,6,"Miller, H.",96,417,10,422,19,11.5,87,0,218,"Miller, H.",WR,10,11,100,65,0,35,COL,8,0.5710000000000001
263,3,1,87,1,81,14,83,59,1,1,43,23.5,42,0,1010,6,"Aaron, D.",84,417,14,422,0,0.0,0,0,0,"Aaron, D.",WR,14,11,95,38,0,24,COL,8,0.5710000000000001
264,3,1,79,1,60,14,55,50,1,1,1,1.0,1,0,1,6,"Ludvig, O.",74,417,1,422,0,0.0,0,0,0,"Ludvig, O.",CB,1,11,80,45,0,50,COL,8,0.5710000000000001
265,4,1,90,1,82,14,70,80,1,1,41,25.0,108,1,1027,8,"Barnes, B.",91,381,1,376,0,0.0,0,0,0,"Barnes, B.",FS,1,11,90,80,0,70,AZ,6,0.429
266,4,1,80,1,75,14,55,50,1,1,34,24.1,99,1,819,8,"Hobbs, S.",78,381,1,376,26,6.2,19,0,161,"Hobbs, S.",FS,1,11,95,50,0,50,AZ,6,0.429
267,5,1,89,1,90,14,88,52,1,1,38,25.2,46,0,956,4,"Atwell, T.",91,331,11,394,0,0.0,0,0,0,"Atwell, T.",WR,11,11,100,58,0,20,OCO,10,0.7140000000000001
268,5,1,95,1,100,14,75,80,1,1,32,27.9,95,1,894,4,"Broxton, J.",98,331,25,394,39,13.2,72,1,513,"Broxton, J.",FS,25,11,100,70,0,75,OCO,10,0.7140000000000001
269,6,1,70,1,81,14,83,68,1,1,49,25.7,84,0,1257,13,"Oles, K.",85,411,10,228,28,5.3,44,0,149,"Oles, K.",WR,10,11,100,49,0,20,SJS,1,0.071
270,6,1,70,1,50,14,70,56,1,1,31,16.5,35,0,513,13,"Weston, S.",69,411,10,228,0,0.0,0,0,0,"Weston, S.",WR,10,11,87,25,0,20,SJS,1,0.071
271,7,1,93,1,90,14,80,85,1,1,36,24.9,89,0,895,7,"Bly Jr., A.",99,313,13,309,27,9.2,68,1,249,"Bly Jr., A.",CB,21,11,95,70,0,72,PHI,7,0.5
272,7,15,81,15,90,14,75,30,1,1,35,23.6,42,0,826,7,"Brown, M.",85,313,20,309,0,0.0,0,0,0,"Brown, M.",RB,20,11,100,57,0,20,PHI,7,0.5
273,8,1,90,1,92,14,90,78,1,1,41,24.0,46,0,985,3,"Fyodorovich, V.",96,340,10,464,25,6.5,49,1,163,"Fyodorovich, V.",WR,10,11,100,65,0,35,NO,11,0.7859999999999999
274,8,1,90,1,94,14,60,70,1,1,31,24.8,44,0,768,3,"Bayley, B.",90,340,1,464,0,0.0,0,0,0,"Bayley, B.",CB,1,11,100,60,0,50,NO,11,0.7859999999999999
275,1,1,81,1,81,14,90,72,1,1,32,27.8,101,1,889,6,"Valentine, V.",92,297,10,454,36,7.2,66,0,258,"Valentine, V.",WR,10,12,100,65,0,20,BAL,8,0.5710000000000001
276,1,15,75,15,70,14,75,55,1,1,23,26.3,105,1,604,6,"Summer, A.",84,297,20,454,0,0.0,0,0,0,"Summer, A.",RB,20,12,99,55,0,20,BAL,8,0.5710000000000001
277,1,1,85,1,100,14,55,85,1,1,1,-3.0,0,0,-3,6,"Roenick, A.",98,297,1,454,0,0.0,0,0,0,"Roenick, A.",LB,1,12,85,85,0,95,BAL,8,0.5710000000000001
278,1,22,80,25,100,14,85,80,25,25,2,1.5,3,0,3,6,"L'Alto, V.",100,297,70,454,1,6.0,6,0,6,"L'Alto, V.",TE,75,12,85,90,0,50,BAL,8,0.5710000000000001
279,1,1,95,1,88,14,75,80,1,1,4,12.8,25,0,51,6,"Oakes, B.",96,297,1,454,0,0.0,0,0,0,"Oakes, B.",FS,1,12,100,70,0,69,BAL,8,0.5710000000000001
280,2,15,70,15,80,14,80,60,1,1,14,19.4,34,0,272,11,"(R) Wizardry, D.",84,429,25,287,0,0.0,0,0,0,"(R) Wizardry, D.",RB,25,12,90,70,0,20,YKW,3,0.214
281,2,1,80,1,80,14,65,83,1,1,1,2.0,2,0,2,11,"Rainey, R.",89,429,1,287,0,0.0,0,0,0,"Rainey, R.",LB,1,12,85,80,0,80,YKW,3,0.214
282,2,1,71,1,70,6,57,50,1,1,0,0.0,0,0,0,11,"(R) Verden, J.",72,429,1,287,12,7.8,34,0,93,"(R) Verden, J.",CB,1,12,83,38,0,49,YKW,3,0.214
283,2,1,85,1,81,14,66,80,1,1,37,19.8,43,0,734,11,"Lavelle, D.",94,429,1,287,0,0.0,0,0,0,"Lavelle, D.",CB,1,12,100,65,0,70,YKW,3,0.214
284,3,1,90,7,100,14,90,80,1,1,36,30.6,104,1,1100,8,"Miller, H.",97,495,31,356,0,0.0,0,0,0,"Miller, H.",WR,31,12,100,65,0,35,COL,6,0.429
285,3,1,82,1,60,14,50,70,1,1,0,0.0,0,0,0,8,"Danger, D.",75,495,1,356,26,9.9,88,1,258,"Danger, D.",CB,1,12,80,50,0,50,COL,6,0.429
286,3,15,70,15,72,14,70,50,1,1,47,18.8,32,0,882,8,"Grau, M.",83,495,58,356,0,0.0,0,0,0,"Grau, M.",RB,58,12,85,85,0,20,COL,6,0.429
287,3,1,75,1,75,14,75,70,1,1,1,-2.0,0,0,-2,8,"Tillman, M.",84,495,4,356,0,0.0,0,0,0,"Tillman, M.",SS,4,12,87,70,0,70,COL,6,0.429
288,4,1,94,1,80,14,75,76,1,1,36,26.9,108,1,970,7,"Morris, D.",93,349,1,326,1,2.0,2,0,2,"Morris, D.",FS,1,12,99,61,0,61,AZ,7,0.5
289,4,1,95,1,79,14,80,80,1,1,31,21.3,44,0,661,7,"Barnes, B.",96,349,1,326,19,11.7,55,0,223,"Barnes, B.",FS,1,12,95,75,0,70,AZ,7,0.5
290,4,1,84,1,90,14,90,78,1,1,8,27.4,42,0,219,7,"Willie, T.",93,349,10,326,0,0.0,0,0,0,"Willie, T.",WR,10,12,95,70,0,20,AZ,7,0.5
291,5,1,81,1,90,14,90,52,1,1,12,26.2,43,0,315,3,"Atwell, T.",89,267,10,383,0,0.0,0,0,0,"Atwell, T.",WR,10,12,100,53,0,24,OCO,11,0.7859999999999999
292,5,1,89,1,80,14,80,85,1,1,46,22.4,44,0,1031,3,"Bly Jr., A.",98,267,1,383,27,6.6,19,0,178,"Bly Jr., A.",CB,1,12,95,70,0,72,OCO,11,0.7859999999999999
293,5,1,95,1,100,14,75,80,1,1,28,26.9,56,0,753,3,"Broxton, J.",98,267,25,383,24,9.0,19,0,217,"Broxton, J.",FS,25,12,100,70,0,75,OCO,11,0.7859999999999999
294,6,1,80,1,85,14,90,78,1,1,35,23.9,106,1,835,4,"Oles, K.",91,250,10,355,31,10.2,51,0,315,"Oles, K.",WR,10,12,100,55,0,20,SJS,10,0.7140000000000001
295,6,1,90,1,88,14,90,70,1,1,22,27.5,45,0,606,4,"Flash, X.",92,250,20,355,0,0.0,0,0,0,"Flash, X.",WR,20,12,90,70,0,20,SJS,10,0.7140000000000001
296,7,15,93,15,91,14,75,30,1,1,37,23.9,107,1,884,7,"Brown, M.",91,382,20,361,0,0.0,0,0,0,"Brown, M.",RB,20,12,100,70,0,20,PHI,7,0.5
297,7,1,87,1,82,14,99,78,1,1,10,21.8,42,0,218,7,"Bush, C.",94,382,20,361,0,0.0,0,0,0,"Bush, C.",WR,20,12,90,74,0,20,PHI,7,0.5
298,7,1,80,1,75,14,75,77,1,1,28,24.2,92,0,677,7,"Garnett, L.",88,382,1,361,19,10.6,51,0,202,"Garnett, L.",FS,1,12,100,58,0,55,PHI,7,0.5
299,7,1,70,1,77,14,72,78,1,1,0,0.0,0,0,0,7,"Felix, L.",89,382,1,361,3,10.3,15,0,31,"Felix, L.",CB,1,12,95,65,0,68,PHI,7,0.5
300,8,1,80,1,75,14,60,60,1,1,41,22.1,67,0,906,10,"(R) Hornbacher, A.",81,399,1,346,0,0.0,0,0,0,"(R) Hornbacher, A.",FS,1,12,92,60,0,55,NO,4,0.28600000000000003
301,8,3,90,1,100,14,90,80,1,1,42,24.9,46,0,1046,10,"Fyodorovich, V.",98,399,35,346,24,6.2,20,0,150,"Fyodorovich, V.",WR,35,12,100,65,0,35,NO,4,0.28600000000000003
302,8,1,60,1,70,14,72,51,1,1,1,1.0,1,0,1,10,"DiMirio, P.",78,399,25,346,0,0.0,0,0,0,"DiMirio, P.",TE,26,12,90,65,0,25,NO,4,0.28600000000000003
303,1,1,88,1,90,14,90,72,1,1,35,22.9,43,0,801,10,"Valentine, V.",94,363,10,323,27,7.3,49,0,198,"Valentine, V.",WR,10,13,100,65,0,20,BAL,4,0.28600000000000003
304,1,1,90,1,80,14,70,79,1,1,38,21.5,44,0,817,10,"Hondo, A.",95,363,1,323,0,0.0,0,0,0,"Hondo, A.",CB,1,13,95,70,0,70,BAL,4,0.28600000000000003
305,2,15,75,15,90,14,81,60,1,1,44,21.9,65,0,962,10,"Wizardry, D.",86,457,25,342,29,11.9,70,1,346,"Wizardry, D.",RB,25,13,90,72,0,20,YKW,4,0.28600000000000003
306,2,1,82,1,73,14,70,80,1,1,46,20.2,39,0,931,10,"Lavelle, D.",90,457,1,342,0,0.0,0,0,0,"Lavelle, D.",CB,1,13,90,65,0,70,YKW,4,0.28600000000000003
307,3,10,90,25,100,14,90,80,1,1,34,29.7,104,1,1009,6,"Miller, H.",98,349,35,417,14,13.4,71,1,188,"Miller, H.",WR,35,13,100,65,0,27,COL,8,0.5710000000000001
308,3,1,76,1,83,14,88,50,1,1,36,25.5,101,1,918,6,"Bishop, J.",84,349,10,417,0,0.0,0,0,0,"Bishop, J.",WR,10,13,97,48,0,20,COL,8,0.5710000000000001
309,3,1,82,1,60,14,50,70,1,1,1,2.0,2,0,2,6,"Danger, D.",75,349,1,417,0,0.0,0,0,0,"Danger, D.",CB,1,13,80,50,0,50,COL,8,0.5710000000000001
310,3,1,92,1,82,14,75,80,1,1,0,0.0,0,0,0,6,"Oakes, B.",95,349,1,417,13,16.2,70,1,210,"Oakes, B.",FS,1,13,98,70,0,69,COL,8,0.5710000000000001
311,4,1,95,1,89,14,80,80,1,1,33,26.4,98,1,871,9,"Barnes, B.",97,410,1,338,26,10.0,64,0,260,"Barnes, B.",FS,1,13,95,75,0,72,AZ,5,0.35700000000000004
312,4,1,75,1,70,14,25,60,1,1,1,0.0,0,0,0,9,"Robertson, A.",84,410,1,338,0,0.0,0,0,0,"Robertson, A.",DE,1,13,82,75,0,70,AZ,5,0.35700000000000004
313,4,1,81,1,77,14,56,50,1,1,53,25.1,42,0,1329,9,"Asipi III, A.",83,410,1,338,0,0.0,0,0,0,"Asipi III, A.",CB,1,13,100,35,0,55,AZ,5,0.35700000000000004
314,5,1,80,1,80,14,80,77,1,1,37,26.2,103,1,969,5,"Bly Jr., A.",92,329,1,363,21,6.2,18,0,130,"Bly Jr., A.",CB,1,13,95,60,0,65,OCO,9,0.643
315,5,1,95,1,100,14,75,80,1,1,31,27.1,103,1,839,5,"Broxton, J.",98,329,1,363,0,0.0,0,0,0,"Broxton, J.",FS,1,13,100,70,0,75,OCO,9,0.643
316,5,1,70,1,90,14,84,72,1,1,2,0.0,2,0,0,5,"Sunnycursed, N.",87,329,10,363,0,0.0,0,0,0,"Sunnycursed, N.",WR,10,13,100,55,0,20,OCO,9,0.643
317,6,1,50,1,65,14,72,54,1,1,1,3.0,3,0,3,2,"Williams, R.",69,276,25,419,0,0.0,0,0,0,"Williams, R.",TE,27,13,71,57,0,25,SJS,12,0.857
318,6,1,90,1,90,14,98,70,1,1,28,27.5,95,0,770,2,"Flash, X.",94,276,20,419,0,0.0,0,0,0,"Flash, X.",WR,20,13,90,70,0,20,SJS,12,0.857
319,6,1,90,1,85,14,90,83,1,1,33,28.0,82,0,925,2,"Oles, K.",95,276,10,419,21,14.2,87,1,298,"Oles, K.",WR,18,13,100,59,0,20,SJS,12,0.857
320,7,1,87,1,65,14,95,78,1,1,20,19.5,37,0,390,6,"Bush, C.",91,377,20,413,0,0.0,0,0,0,"Bush, C.",WR,20,13,90,71,0,20,PHI,8,0.5710000000000001
321,7,1,70,1,77,14,72,78,1,1,18,20.1,37,0,362,6,"Felix, L.",89,377,1,413,0,0.0,0,0,0,"Felix, L.",CB,1,13,95,65,0,68,PHI,8,0.5710000000000001
322,7,1,90,1,80,14,90,66,1,1,14,27.6,43,0,386,6,"von Matt, J.",89,377,10,413,0,0.0,0,0,0,"von Matt, J.",WR,10,13,95,46,0,20,PHI,8,0.5710000000000001
323,7,1,90,1,80,14,25,45,1,1,17,22.8,106,1,388,6,"Becker, K.",88,377,1,413,9,9.6,22,0,86,"Becker, K.",LB,1,13,88,70,0,91,PHI,8,0.5710000000000001
324,7,1,72,1,70,14,33,52,1,1,1,-2.0,0,0,-2,6,"Dwyer, J.",84,377,1,413,0,0.0,0,0,0,"Dwyer, J.",DE,1,13,86,70,0,70,PHI,8,0.5710000000000001
325,7,1,90,1,75,14,75,80,1,1,10,17.9,40,0,179,6,"Garnett, L.",92,377,1,413,15,8.2,52,0,123,"Garnett, L.",FS,1,13,100,60,0,60,PHI,8,0.5710000000000001
326,8,1,75,1,85,14,55,75,1,1,1,2.0,2,0,2,8,"Rax, L.",96,397,1,343,0,0.0,0,0,0,"Rax, L.",DE,1,13,85,85,0,87,NO,6,0.429
327,8,1,70,1,83,14,75,80,1,1,36,24.5,92,1,881,8,"Schneider, D.",88,397,1,343,0,0.0,0,0,0,"Schneider, D.",SS,1,13,100,70,0,70,NO,6,0.429
328,8,25,90,21,100,14,90,80,1,1,41,25.8,107,1,1056,8,"Fyodorovich, V.",98,397,35,343,22,7.3,72,1,161,"Fyodorovich, V.",WR,35,13,100,65,0,35,NO,6,0.429
329,8,15,79,15,80,14,40,30,1,1,1,-1.0,0,0,-1,8,"Danielsson, A.",73,397,20,343,0,0.0,0,0,0,"Danielsson, A.",RB,20,13,100,40,0,20,NO,6,0.429
330,1,15,95,15,99,14,75,64,1,1,4,23.5,33,0,94,3,"Brown, M.",96,310,28,448,0,0.0,0,0,0,"Brown, M.",RB,20,14,100,70,0,20,BAL,11,0.7859999999999999
331,1,1,90,1,83,14,90,75,1,1,13,22.0,41,0,286,3,"Squanch, V.",93,310,10,448,0,0.0,0,0,0,"Squanch, V.",WR,10,14,95,70,0,20,BAL,11,0.7859999999999999
332,1,1,75,1,70,14,80,70,1,1,27,22.9,39,0,619,3,"Bly Jr., A.",87,310,1,448,15,7.3,17,0,109,"Bly Jr., A.",CB,1,14,92,60,0,55,BAL,11,0.7859999999999999
333,1,1,90,1,95,14,90,80,1,1,30,24.3,46,0,730,3,"Valentine, V.",96,310,10,448,7,18.7,76,1,131,"Valentine, V.",WR,18,14,100,65,0,28,BAL,11,0.7859999999999999
334,1,1,75,1,90,14,55,85,1,1,1,3.0,3,0,3,3,"Trout, C.",88,310,1,448,0,0.0,0,0,0,"Trout, C.",LB,1,14,85,85,0,76,BAL,11,0.7859999999999999
335,1,1,90,1,84,14,66,70,1,1,9,28.9,46,0,260,3,"Hornbacher, A.",92,310,1,448,9,10.0,25,0,90,"Hornbacher, A.",CB,1,14,100,65,0,54,BAL,11,0.7859999999999999
336,2,1,80,1,80,14,90,55,1,1,34,24.2,41,0,822,8,"Parker, J.",87,326,10,310,0,0.0,0,0,0,"Parker, J.",WR,10,14,96,55,0,20,YKW,6,0.429
337,2,1,70,1,74,14,88,50,1,1,0,0.0,0,0,0,8,"Swift, N.",82,326,1,310,36,8.4,59,0,301,"Swift, N.",WR,1,14,93,60,0,20,YKW,6,0.429
338,2,1,85,1,85,14,70,74,1,1,31,23.4,40,0,725,8,"Taylor, C.",93,326,1,310,0,0.0,0,0,0,"Taylor, C.",SS,1,14,95,75,0,80,YKW,6,0.429
339,3,1,80,1,90,14,90,55,1,1,27,26.3,42,0,710,10,"Bishop, J.",89,442,10,368,13,12.4,44,0,161,"Bishop, J.",WR,10,14,100,54,0,20,COL,4,0.28600000000000003
340,3,15,70,15,72,14,70,50,1,1,17,22.2,73,0,378,10,"Grau, M.",61,442,22,368,0,0.0,0,0,0,"Grau, M.",FB,46,14,85,83,0,20,COL,4,0.28600000000000003
341,3,1,70,1,80,14,70,68,1,1,27,18.5,57,0,499,10,"Montgomery, B.",86,442,1,368,0,0.0,0,0,0,"Montgomery, B.",CB,1,14,99,65,0,50,COL,4,0.28600000000000003
342,4,1,70,1,75,14,81,49,1,1,46,19.6,37,0,901,12,"Hasselhoff, F.",79,523,10,224,17,7.1,17,0,121,"Hasselhoff, F.",WR,8,14,91,52,0,20,AZ,2,0.14300000000000002
343,4,1,70,1,80,14,85,40,1,1,50,21.5,36,0,1076,12,"Hardwick, S.",81,523,10,224,0,0.0,0,0,0,"Hardwick, S.",WR,10,14,93,61,0,20,AZ,2,0.14300000000000002
344,5,1,93,1,90,14,75,79,1,1,25,26.6,45,0,664,3,"Brown, M.",96,281,1,441,35,11.0,44,0,385,"Brown, M.",FS,1,14,100,70,0,72,OCO,11,0.7859999999999999
345,5,1,90,1,92,14,75,80,1,1,34,25.9,45,0,880,3,"Broxton, J.",96,281,1,441,0,0.0,0,0,0,"Broxton, J.",FS,1,14,100,70,0,75,OCO,11,0.7859999999999999
346,6,25,75,25,100,14,55,70,1,1,1,-2.0,0,0,-2,5,"Poopsie, D.",99,233,25,392,0,0.0,0,0,0,"Poopsie, D.",DE,1,14,80,90,0,95,SJS,9,0.643
347,6,1,90,1,90,14,100,85,1,1,32,24.7,83,0,790,5,"Flash, X.",96,233,20,392,0,0.0,0,0,0,"Flash, X.",WR,20,14,90,70,0,20,SJS,9,0.643
348,6,1,90,1,99,14,90,80,1,1,24,22.9,48,0,550,5,"Oles, K.",96,233,18,392,34,9.0,23,0,307,"Oles, K.",WR,18,14,100,63,0,20,SJS,9,0.643
349,7,1,95,1,96,14,80,80,1,1,30,27.0,46,0,811,5,"Barnes, B.",98,331,1,337,0,0.0,0,0,0,"Barnes, B.",FS,1,14,95,75,0,80,PHI,9,0.643
350,7,1,95,1,85,14,75,80,1,1,41,28.2,108,1,1155,5,"Garnett, L.",96,331,1,337,27,9.7,21,0,263,"Garnett, L.",FS,1,14,100,70,0,65,PHI,9,0.643
351,8,15,79,15,80,14,40,30,1,1,39,29.4,106,1,1147,10,"Danielsson, A.",73,405,20,331,0,0.0,0,0,0,"Danielsson, A.",RB,20,14,100,40,0,20,NO,4,0.28600000000000003
352,8,1,90,1,100,14,90,80,1,1,42,30.4,55,0,1277,10,"Fyodorovich, V.",98,405,35,331,24,10.5,49,0,253,"Fyodorovich, V.",WR,35,14,100,65,0,20,NO,4,0.28600000000000003
353,1,1,90,1,100,14,90,80,1,1,38,23.7,46,0,901,2,"Valentine, V.",97,297,10,520,27,7.9,19,0,212,"Valentine, V.",WR,35,15,100,65,0,28,BAL,12,0.857
354,1,1,84,1,77,14,56,50,1,1,1,1.0,1,0,1,2,"Asipi III, A.",84,297,1,520,0,0.0,0,0,0,"Asipi III, A.",CB,1,15,100,35,0,55,BAL,12,0.857
355,1,10,80,1,100,14,90,78,1,1,1,-1.0,0,0,-1,2,"Miller, H.",91,297,10,520,0,0.0,0,0,0,"Miller, H.",WR,10,15,100,50,0,20,BAL,12,0.857
356,1,1,85,1,91,14,55,85,1,1,1,0.0,0,0,0,2,"Trout, C.",92,297,1,520,0,0.0,0,0,0,"Trout, C.",LB,1,15,85,85,0,80,BAL,12,0.857
357,1,1,93,1,88,14,70,80,1,1,24,24.2,43,0,581,2,"Hornbacher, A.",97,297,1,520,3,11.0,20,0,33,"Hornbacher, A.",CB,1,15,100,65,0,65,BAL,12,0.857
358,2,1,80,1,72,14,90,70,1,1,29,25.0,99,0,726,7,"Parker, J.",91,305,10,358,0,0.0,0,0,0,"Parker, J.",WR,10,15,100,65,0,20,YKW,7,0.5
359,2,1,94,1,90,14,70,80,1,1,34,29.8,108,1,1012,7,"Applehort, R.",98,305,1,358,0,0.0,0,0,0,"Applehort, R.",CB,1,15,100,65,0,70,YKW,7,0.5
360,2,1,70,15,80,14,85,50,1,1,0,0.0,0,0,0,7,"Marshall, M.",81,305,30,358,32,6.4,22,0,204,"Marshall, M.",RB,20,15,90,54,0,20,YKW,7,0.5
361,3,1,81,1,98,14,90,60,1,1,43,26.4,108,1,1136,12,"Bishop, J.",91,474,10,258,20,6.0,17,0,119,"Bishop, J.",WR,10,15,100,58,0,20,COL,2,0.14300000000000002
362,3,1,70,1,83,14,70,68,1,1,44,24.1,40,0,1060,12,"Montgomery, B.",86,474,1,258,0,0.0,0,0,0,"Montgomery, B.",CB,1,15,100,65,0,50,COL,2,0.14300000000000002
363,4,15,80,15,80,14,74,63,1,1,41,21.5,42,0,882,8,"Shady, S.",90,373,20,351,0,0.0,0,0,0,"Shady, S.",RB,20,15,100,70,0,20,AZ,6,0.429
364,4,1,71,1,70,14,32,70,1,1,1,0.0,0,0,0,8,"Lee, L.",86,373,1,351,0,0.0,0,0,0,"Lee, L.",LB,1,15,85,85,0,80,AZ,6,0.429
365,4,1,70,1,80,14,89,40,1,1,3,25.3,30,0,76,8,"Hardwick, S.",83,373,10,351,0,0.0,0,0,0,"Hardwick, S.",WR,10,15,94,65,0,20,AZ,6,0.429
366,4,15,83,15,84,14,85,75,1,1,0,0.0,0,0,0,8,"Adams, R.",60,373,25,351,23,8.2,19,0,188,"Adams, R.",FB,25,15,95,79,0,20,AZ,6,0.429
367,4,1,68,1,55,14,80,70,1,1,37,16.9,34,0,626,8,"Murphy, J.",82,373,1,351,2,7.5,15,0,15,"Murphy, J.",CB,1,15,90,30,0,61,AZ,6,0.429
368,5,1,95,1,100,14,80,80,1,1,28,33.8,103,1,946,6,"Grithead, D.",98,299,9,351,35,9.8,20,0,342,"Grithead, D.",FS,1,15,95,75,0,80,OCO,8,0.5710000000000001
369,5,1,85,1,95,14,90,76,1,1,36,23.4,43,0,842,6,"Sunnycursed, N.",94,299,10,351,0,0.0,0,0,0,"Sunnycursed, N.",WR,10,15,100,65,0,20,OCO,8,0.5710000000000001
370,6,1,90,1,98,14,100,85,1,1,26,26.3,93,0,683,3,"Flash, X.",96,265,20,326,0,0.0,0,0,0,"Flash, X.",WR,20,15,90,70,0,20,SJS,11,0.7859999999999999
371,6,1,90,1,100,14,90,80,1,1,30,21.1,45,0,633,3,"Oles, K.",97,265,27,326,32,15.9,81,1,509,"Oles, K.",WR,35,15,100,65,0,27,SJS,11,0.7859999999999999
372,6,25,75,25,100,14,55,70,1,1,1,1.0,1,0,1,3,"Poopsie, D.",99,265,25,326,0,0.0,0,0,0,"Poopsie, D.",DE,1,15,80,90,0,95,SJS,11,0.7859999999999999
373,7,1,95,1,89,14,75,80,1,1,37,30.2,108,1,1116,6,"Garnett, L.",97,309,1,340,24,10.8,21,0,259,"Garnett, L.",FS,1,15,100,70,0,75,PHI,8,0.5710000000000001
374,7,1,95,1,90,14,90,66,1,1,32,27.7,103,1,887,6,"von Matt, J.",91,309,10,340,0,0.0,0,0,0,"von Matt, J.",WR,10,15,95,46,0,20,PHI,8,0.5710000000000001
375,7,1,70,1,67,14,70,71,1,1,5,20.6,40,0,103,6,"Emoji (R), E.",83,309,1,340,0,0.0,0,0,0,"Emoji (R), E.",CB,1,15,100,50,0,45,PHI,8,0.5710000000000001
376,7,1,67,1,82,14,39,70,1,1,1,2.0,2,0,2,6,"Smyles, L.",91,309,1,340,0,0.0,0,0,0,"Smyles, L.",DE,1,15,85,80,0,81,PHI,8,0.5710000000000001
377,8,1,90,1,95,14,90,80,1,1,33,25.9,56,0,854,12,"Fyodorovich, V.",96,465,10,283,19,9.9,67,1,188,"Fyodorovich, V.",WR,10,15,100,65,0,20,NO,2,0.14300000000000002
378,8,20,77,15,81,14,75,30,1,1,47,26.5,54,0,1244,12,"Swift, T.",48,465,20,283,0,0.0,0,0,0,"Swift, T.",FB,20,15,100,70,0,20,NO,2,0.14300000000000002
379,8,1,75,1,85,14,55,75,1,1,1,3.0,3,0,3,12,"Rax, L.",98,465,1,283,0,0.0,0,0,0,"Rax, L.",DE,1,15,85,85,0,93,NO,2,0.14300000000000002
380,8,1,75,1,72,14,35,75,1,1,1,0.0,0,0,0,12,"Kuusela, G.",92,465,1,283,0,0.0,0,0,0,"Kuusela, G.",DE,1,15,85,85,0,80,NO,2,0.14300000000000002
381,1,1,55,1,83,13,80,70,1,1,25,14.6,28,0,366,6,"Espeeyeeseetee (R), A.",81,268,20,324,0,0.0,0,0,0,"Espeeyeeseetee (R), A.",WR,20,16,90,75,0,20,BAL,7,0.5379999999999999
382,1,1,80,1,84,13,30,80,1,1,1,0.0,0,0,0,6,"Roenick, A.",89,268,1,324,0,0.0,0,0,0,"Roenick, A.",LB,1,16,85,85,0,80,BAL,7,0.5379999999999999
383,1,1,96,1,89,13,70,80,1,1,25,29.0,99,0,726,6,"Hornbacher, A.",98,268,1,324,29,6.1,21,0,176,"Hornbacher, A.",CB,1,16,100,65,0,69,BAL,7,0.5379999999999999
384,1,1,87,1,100,13,90,80,1,1,31,27.8,105,1,863,6,"Maddox, E.",96,268,10,324,0,0.0,0,0,0,"Maddox, E.",WR,34,16,100,65,0,35,BAL,7,0.5379999999999999
385,2,1,72,1,92,13,90,73,1,1,1,-3.0,0,0,-3,3,"Helanen, T.",88,312,10,418,0,0.0,0,0,0,"Helanen, T.",WR,10,16,100,50,0,20,YKW,10,0.769
386,2,1,85,1,91,13,55,85,1,1,1,0.0,0,0,0,3,"Selich, A.",98,312,1,418,0,0.0,0,0,0,"Selich, A.",LB,1,16,85,85,0,95,YKW,10,0.769
387,2,1,95,1,100,13,80,80,1,1,33,26.6,70,0,878,3,"Grithead, D.",98,312,17,418,0,0.0,0,0,0,"Grithead, D.",FS,1,16,95,75,0,80,YKW,10,0.769
388,2,1,94,1,88,13,85,84,1,1,34,25.4,46,0,864,3,"Snuggles, J.",97,312,1,418,26,12.4,50,0,323,"Snuggles, J.",CB,1,16,95,65,0,57,YKW,10,0.769
389,3,1,85,1,86,13,80,80,1,1,0,0.0,0,0,0,12,"Lejune, L.",93,424,1,208,29,5.6,15,0,163,"Lejune, L.",SS,1,16,95,75,0,73,COL,1,0.077
390,3,1,89,1,100,13,90,73,1,1,42,23.4,45,0,984,12,"Bishop, J.",95,424,10,208,0,0.0,0,0,0,"Bishop, J.",WR,10,16,100,62,0,20,COL,1,0.077
391,3,1,70,1,87,13,70,68,1,1,38,24.0,91,1,913,12,"Montgomery, B.",86,424,1,208,0,0.0,0,0,0,"Montgomery, B.",CB,1,16,100,65,0,50,COL,1,0.077
392,4,1,80,1,70,13,33,70,1,1,1,3.0,3,0,3,6,"Lee, L.",88,273,1,297,0,0.0,0,0,0,"Lee, L.",LB,1,16,85,85,0,80,AZ,7,0.5379999999999999
393,4,1,74,1,80,13,35,70,1,1,1,2.0,2,0,2,6,"Spector, M.",94,273,1,297,0,0.0,0,0,0,"Spector, M.",DE,1,16,85,85,0,84,AZ,7,0.5379999999999999
394,4,1,70,1,73,13,58,50,1,1,26,24.6,63,0,639,6,"Mughes, H.",80,273,1,297,0,0.0,0,0,0,"Mughes, H.",CB,1,16,100,60,0,45,AZ,7,0.5379999999999999
395,4,1,54,1,90,13,30,50,1,1,1,0.0,0,0,0,6,"Morris, R.",90,273,1,297,0,0.0,0,0,0,"Morris, R.",DT,1,16,75,95,0,73,AZ,7,0.5379999999999999
396,4,1,72,1,90,13,83,56,1,1,1,18.0,18,0,18,6,"Landers, B.",84,273,10,297,0,0.0,0,0,0,"Landers, B.",WR,10,16,95,62,0,20,AZ,7,0.5379999999999999
397,4,1,95,1,96,13,80,80,1,1,29,27.6,66,0,799,6,"Barnes, B.",97,273,1,297,28,7.6,20,0,213,"Barnes, B.",SS,1,16,95,75,0,80,AZ,7,0.5379999999999999
398,5,1,80,1,85,13,80,80,1,1,1,0.0,0,0,0,3,"Blaze, J.",60,244,25,417,0,0.0,0,0,0,"Blaze, J.",FB,25,16,90,80,0,25,OCO,10,0.769
399,5,1,90,1,100,13,90,80,1,1,24,22.8,46,0,547,3,"Valentine, V.",96,244,10,417,0,0.0,0,0,0,"Valentine, V.",WR,10,16,100,65,0,28,OCO,10,0.769
400,5,1,52,1,70,13,80,54,1,1,1,3.0,3,0,3,3,"Pitcher, A.",56,244,30,417,0,0.0,0,0,0,"Pitcher, A.",FB,30,16,85,57,0,25,OCO,10,0.769
401,5,1,60,1,80,13,25,54,1,1,1,3.0,3,0,3,3,"Lattimer, A.",89,244,1,417,0,0.0,0,0,0,"Lattimer, A.",DT,1,16,70,99,0,70,OCO,10,0.769
402,5,1,90,1,100,13,90,80,1,1,30,26.6,99,1,798,3,"Sunnycursed, N.",97,244,10,417,28,12.2,67,1,343,"Sunnycursed, N.",WR,18,16,100,65,0,35,OCO,10,0.769
403,6,1,75,1,70,13,82,70,1,1,1,-1.0,0,0,-1,6,"Wright, D.",91,311,62,337,0,0.0,0,0,0,"Wright, D.",TE,70,16,85,76,0,30,SJS,7,0.5379999999999999
404,6,1,55,1,70,13,35,40,1,1,0,0.0,0,0,0,6,"Methane, D.",80,311,1,337,1,-1.0,0,0,-1,"Methane, D.",DE,1,16,85,75,0,65,SJS,7,0.5379999999999999
405,6,1,90,1,90,13,100,85,1,1,29,25.6,71,0,743,6,"Flash, X.",96,311,20,337,28,6.7,20,0,187,"Flash, X.",WR,20,16,90,70,0,20,SJS,7,0.5379999999999999
406,7,1,95,1,99,13,75,80,1,1,37,29.6,101,1,1094,6,"Garnett, L.",98,306,1,397,26,8.2,20,0,212,"Garnett, L.",FS,1,16,100,70,0,75,PHI,7,0.5379999999999999
407,7,1,80,1,80,13,70,80,1,1,1,0.0,0,0,0,6,"Emoji, E.",89,306,1,397,0,0.0,0,0,0,"Emoji, E.",CB,1,16,100,65,0,45,PHI,7,0.5379999999999999
408,7,1,100,1,90,13,90,68,1,1,31,28.5,67,0,882,6,"von Matt, J.",95,306,10,397,0,0.0,0,0,0,"von Matt, J.",WR,10,16,95,65,0,20,PHI,7,0.5379999999999999
409,8,1,84,1,70,13,55,55,1,1,1,3.0,3,0,3,7,"Arnold, D.",77,381,1,309,0,0.0,0,0,0,"Arnold, D.",FS,1,16,91,40,0,50,NO,6,0.462
410,8,1,85,1,80,13,85,80,1,1,1,2.0,2,0,2,7,"Harrison, W.",91,381,1,309,0,0.0,0,0,0,"Harrison, W.",FS,1,16,90,70,0,67,NO,6,0.462
411,8,20,77,15,81,13,75,30,1,1,37,25.9,42,0,960,7,"Swift, T.",48,381,20,309,0,0.0,0,0,0,"Swift, T.",FB,20,16,100,70,0,20,NO,6,0.462
412,8,1,90,1,87,13,90,71,1,1,41,26.2,108,1,1076,7,"Fyodorovich, V.",94,381,10,309,20,8.3,20,0,166,"Fyodorovich, V.",WR,10,16,100,65,0,20,NO,6,0.462
413,9,15,79,15,80,13,40,30,1,1,22,24.3,38,0,535,3,"Danielsson, A.",73,257,20,307,0,0.0,0,0,0,"Danielsson, A.",RB,20,16,100,40,0,20,CHI,10,0.769
414,9,15,80,15,79,13,58,35,1,1,1,1.0,1,0,1,3,"Torenson (R), S.",82,257,25,307,0,0.0,0,0,0,"Torenson (R), S.",RB,25,16,95,70,0,20,CHI,10,0.769
415,9,1,90,1,100,13,90,80,1,1,33,21.9,46,0,722,3,"Oles, K.",98,257,35,307,46,6.6,68,0,302,"Oles, K.",WR,35,16,100,65,0,35,CHI,10,0.769
416,10,1,70,1,80,13,90,40,1,1,12,24.3,36,0,292,13,"Hardwick, S.",85,424,10,186,0,0.0,0,0,0,"Hardwick, S.",WR,10,16,98,65,0,20,AUS,0,0.0
417,10,1,82,1,81,13,79,70,1,1,26,21.0,40,0,546,13,"Jensen (R), C.",90,424,1,186,0,0.0,0,0,0,"Jensen (R), C.",SS,1,16,95,75,0,65,AUS,0,0.0
418,10,1,80,1,72,13,80,80,1,1,40,25.0,92,0,999,13,"Lavelle Jr. (R), D.",88,424,1,186,15,4.3,17,0,65,"Lavelle Jr. (R), D.",CB,1,16,81,65,0,70,AUS,0,0.0
419,1,15,70,15,87,13,65,30,1,1,1,7.0,7,0,7,5,"Jimbo, D.",80,305,30,343,0,0.0,0,0,0,"Jimbo, D.",RB,20,17,100,61,0,20,BAL,8,0.615
420,1,15,80,15,80,13,81,72,1,1,1,4.0,4,0,4,5,"Jones, V.",93,305,25,343,0,0.0,0,0,0,"Jones, V.",RB,50,17,95,80,0,20,BAL,8,0.615
421,1,1,96,1,89,13,70,80,1,1,0,0.0,0,0,0,5,"Hornbacher, A.",98,305,1,343,6,14.2,63,1,85,"Hornbacher, A.",CB,1,17,100,65,0,69,BAL,8,0.615
422,1,1,94,1,93,13,70,80,1,1,23,25.3,50,0,582,5,"Troyski, X.",98,305,1,343,0,0.0,0,0,0,"Troyski, X.",CB,1,17,100,65,0,70,BAL,8,0.615
423,1,25,90,25,100,13,90,80,15,25,27,24.4,43,0,659,5,"Sunnycursed, N.",98,305,35,343,22,6.5,20,0,142,"Sunnycursed, N.",WR,35,17,100,65,0,35,BAL,8,0.615
424,1,25,90,25,100,13,90,80,25,25,31,20.7,45,0,641,5,"Maddox, E.",98,305,35,343,20,10.6,21,0,213,"Maddox, E.",WR,35,17,100,65,0,35,BAL,8,0.615
425,1,1,88,1,84,13,36,80,1,1,1,-2.0,0,0,-2,5,"Horne, B.",89,305,1,343,0,0.0,0,0,0,"Horne, B.",LB,1,17,90,80,0,76,BAL,8,0.615
426,2,1,95,1,100,13,80,80,1,1,29,21.0,44,0,609,5,"Grithead, D.",98,267,17,361,0,0.0,0,0,0,"Grithead, D.",FS,1,17,95,75,0,80,YKW,8,0.615
427,2,1,95,1,97,13,85,85,1,1,35,28.3,64,0,990,5,"Snuggles, J.",99,267,1,361,44,9.2,21,0,403,"Snuggles, J.",CB,1,17,95,65,0,62,YKW,8,0.615
428,3,1,95,1,86,13,80,80,1,1,35,25.6,96,2,897,8,"Lejune, L.",96,364,1,230,21,8.9,20,0,187,"Lejune, L.",SS,1,17,95,75,0,73,COL,5,0.385
429,3,1,90,1,100,13,90,80,1,1,39,23.1,46,0,902,8,"Bishop, J.",98,364,35,230,0,0.0,0,0,0,"Bishop, J.",WR,35,17,100,65,0,20,COL,5,0.385
430,4,1,90,1,91,13,90,80,1,1,29,26.3,43,0,764,4,"Valentine, V.",96,268,10,394,29,13.9,59,3,402,"Valentine, V.",WR,10,17,100,65,0,28,AZ,9,0.6920000000000001
431,4,1,95,1,80,13,80,80,1,1,0,0.0,0,0,0,4,"Barnes, B.",94,268,1,394,9,9.0,12,0,81,"Barnes, B.",SS,1,17,95,70,0,70,AZ,9,0.6920000000000001
432,4,1,70,1,73,13,58,50,1,1,33,22.0,40,0,727,4,"Mughes, H.",80,268,1,394,0,0.0,0,0,0,"Mughes, H.",CB,1,17,100,60,0,45,AZ,9,0.6920000000000001
433,4,1,54,1,90,13,30,50,1,1,1,0.0,0,0,0,4,"Morris, R.",90,268,1,394,0,0.0,0,0,0,"Morris, R.",DT,1,17,75,95,0,75,AZ,9,0.6920000000000001
434,5,15,72,15,89,13,64,45,1,1,8,16.0,40,0,128,6,"Reed, A.",78,275,20,361,0,0.0,0,0,0,"Reed, A.",RB,20,17,100,40,0,20,OCO,7,0.5379999999999999
435,5,1,95,1,100,13,75,80,1,1,8,29.4,42,0,235,6,"Schneider, D.",97,275,1,361,8,18.0,76,0,144,"Schneider, D.",SS,1,17,100,70,0,75,OCO,7,0.5379999999999999
436,5,1,80,1,90,13,80,80,1,1,25,19.2,40,0,480,6,"Blaze, J.",60,275,25,361,0,0.0,0,0,0,"Blaze, J.",FB,25,17,90,84,0,25,OCO,7,0.5379999999999999
437,6,1,86,1,88,13,100,70,1,1,28,25.7,52,0,719,7,"Flash, X.",93,332,20,280,27,8.4,83,1,227,"Flash, X.",WR,20,17,90,70,0,20,SJS,6,0.462
438,7,1,89,1,84,13,70,80,1,1,2,11.5,13,0,23,8,"Emoji, E.",93,388,1,298,27,14.3,88,1,385,"Emoji, E.",CB,1,17,100,65,0,52,PHI,5,0.385
439,7,1,95,1,99,13,75,80,1,1,34,28.2,99,1,958,8,"Garnett, L.",98,388,1,298,0,0.0,0,0,0,"Garnett, L.",FS,1,17,100,70,0,75,PHI,5,0.385
440,7,1,90,1,87,13,90,65,1,1,39,26.7,70,0,1043,8,"von Matt, J.",92,388,10,298,0,0.0,0,0,0,"von Matt, J.",WR,10,17,95,65,0,20,PHI,5,0.385
441,8,15,77,15,81,13,75,30,1,1,1,3.0,3,0,3,9,"Swift, T.",48,367,20,313,0,0.0,0,0,0,"Swift, T.",FB,20,17,100,70,0,20,NO,4,0.308
442,8,1,81,1,80,13,90,41,1,1,41,22.9,43,0,939,9,"Fyodorovich, V.",89,367,10,313,0,0.0,0,0,0,"Fyodorovich, V.",WR,10,17,100,65,0,20,NO,4,0.308
443,8,15,65,15,100,13,75,31,1,1,32,20.3,37,0,650,9,"Gump, F.",84,367,30,313,28,6.9,56,0,193,"Gump, F.",RB,26,17,100,70,0,20,NO,4,0.308
444,9,1,90,1,100,13,90,80,25,22,32,22.7,45,0,726,5,"Oles, K.",98,268,35,336,19,13.1,69,0,248,"Oles, K.",WR,35,17,100,65,0,35,CHI,8,0.615
445,9,1,70,1,70,13,71,70,1,1,1,-2.0,0,0,-2,5,"Dugnutt, B.",81,268,1,336,0,0.0,0,0,0,"Dugnutt, B.",CB,1,17,92,65,0,40,CHI,8,0.615
446,9,1,83,1,80,13,80,80,1,1,28,21.4,83,0,598,5,"Lewis, L.",94,268,1,336,0,0.0,0,0,0,"Lewis, L.",FS,1,17,95,75,0,80,CHI,8,0.615
447,10,15,75,15,75,13,85,54,1,1,34,19.9,38,0,677,8,"Owens, A.",82,343,25,261,0,0.0,0,0,0,"Owens, A.",RB,20,17,90,54,0,20,AUS,5,0.385
448,10,1,80,1,80,13,85,85,1,1,39,19.2,37,0,749,8,"Lavelle Jr., D.",92,343,1,261,31,11.5,78,2,358,"Lavelle Jr., D.",CB,1,17,85,65,0,70,AUS,5,0.385
449,10,1,76,1,78,13,100,80,1,1,1,-2.0,0,0,-2,8,"Anoa'i, D.",91,343,20,261,0,0.0,0,0,0,"Anoa'i, D.",WR,20,17,90,72,0,20,AUS,5,0.385
450,1,1,90,1,99,13,90,80,1,1,35,25.2,108,1,882,7,"Sunnycursed, N.",96,346,10,366,0,0.0,0,0,0,"Sunnycursed, N.",WR,10,18,100,65,0,20,BAL,6,0.462
451,1,15,81,15,70,13,75,50,1,1,3,1.7,4,0,5,7,"Bigby, L.",86,346,20,366,0,0.0,0,0,0,"Bigby, L.",RB,20,18,99,60,0,20,BAL,6,0.462
452,1,25,90,25,100,13,90,80,25,25,34,25.2,46,0,858,7,"Maddox, E.",98,346,35,366,24,9.0,75,0,215,"Maddox, E.",WR,35,18,100,65,0,35,BAL,6,0.462
453,1,1,91,1,90,13,75,73,1,1,1,0.0,0,0,0,7,"Green, W.",96,346,1,366,0,0.0,0,0,0,"Green, W.",FS,12,18,100,68,0,75,BAL,6,0.462
454,2,1,95,1,100,13,90,80,1,1,1,11.0,11,0,11,2,"Swift, N.",97,239,10,393,0,0.0,0,0,0,"Swift, N.",WR,25,18,95,70,0,20,YKW,11,0.846
455,2,1,95,1,100,13,85,85,1,1,22,23.5,46,0,517,2,"Snuggles, J.",100,239,1,393,25,11.6,72,0,291,"Snuggles, J.",CB,16,18,95,65,0,70,YKW,11,0.846
456,2,1,95,1,99,13,80,80,1,1,6,19.7,40,0,118,2,"Grithead, D.",98,239,1,393,0,0.0,0,0,0,"Grithead, D.",FS,1,18,95,75,0,80,YKW,11,0.846
457,2,1,100,1,91,13,70,80,1,1,27,29.2,50,0,789,2,"Hornbacher, A.",100,239,1,393,0,0.0,0,0,0,"Hornbacher, A.",CB,1,18,100,65,0,70,YKW,11,0.846
458,3,1,95,1,86,13,80,80,1,1,33,28.0,92,1,925,8,"Lejune, L.",97,339,1,271,22,7.4,16,0,162,"Lejune, L.",FS,1,18,95,75,0,73,COL,5,0.385
459,3,1,90,1,100,13,90,80,1,1,39,24.6,92,1,959,8,"Bishop, J.",98,339,35,271,0,0.0,0,0,0,"Bishop, J.",WR,35,18,100,65,0,20,COL,5,0.385
460,4,1,80,1,84,13,90,80,1,1,40,20.6,41,0,825,4,"Valentine, V.",93,291,10,355,6,9.0,18,0,54,"Valentine, V.",WR,10,18,100,65,0,28,AZ,9,0.6920000000000001
461,4,1,88,1,95,13,90,70,1,2,25,21.1,55,0,528,4,"Oles, K.",92,291,10,355,34,12.1,79,3,413,"Oles, K.",WR,10,18,100,50,0,20,AZ,9,0.6920000000000001
462,5,1,80,1,80,13,70,80,1,1,1,2.0,2,0,2,3,"Showbiz, G.",88,233,1,363,0,0.0,0,0,0,"Showbiz, G.",CB,1,18,93,60,0,60,OCO,10,0.769
463,5,15,72,15,93,13,75,45,1,1,25,27.0,99,1,675,3,"Reed, A.",80,233,20,363,0,0.0,0,0,0,"Reed, A.",RB,20,18,100,40,0,20,OCO,10,0.769
464,5,1,90,1,92,13,75,80,1,1,27,24.7,69,0,666,3,"Schneider, D.",95,233,1,363,32,8.8,36,0,280,"Schneider, D.",SS,1,18,100,70,0,75,OCO,10,0.769
465,6,1,92,1,90,13,85,80,1,1,38,26.2,44,0,994,9,"Staley, T.",95,338,1,184,17,7.2,18,0,123,"Staley, T.",SS,1,18,95,70,0,75,SJS,4,0.308
466,7,1,95,1,91,13,75,80,1,1,32,25.3,48,0,810,9,"Garnett, L.",97,317,1,286,0,0.0,0,0,0,"Garnett, L.",FS,1,18,100,70,0,75,PHI,4,0.308
467,7,1,93,1,90,13,70,80,1,1,0,0.0,0,0,0,9,"Emoji, E.",95,317,1,286,37,7.6,61,1,280,"Emoji, E.",CB,1,18,100,65,0,56,PHI,4,0.308
468,7,1,80,1,99,13,90,60,1,1,37,19.7,40,0,728,9,"Varga, N.",91,317,10,286,0,0.0,0,0,0,"Varga, N.",WR,18,18,95,70,0,20,PHI,4,0.308
469,8,1,80,1,68,13,91,40,1,1,34,21.9,43,0,744,8,"Jones, B.",82,327,10,285,0,0.0,0,0,0,"Jones, B.",WR,10,18,100,26,0,20,NO,5,0.385
470,8,1,77,1,78,13,90,65,1,1,1,11.0,11,0,11,8,"von Matt, J.",88,327,10,285,0,0.0,0,0,0,"von Matt, J.",WR,10,18,95,65,0,20,NO,5,0.385
471,8,15,78,15,100,13,75,70,1,1,30,19.9,39,0,598,8,"Gump, F.",92,327,40,285,24,6.8,18,0,163,"Gump, F.",RB,39,18,100,70,0,20,NO,5,0.385
472,8,1,90,1,85,13,65,82,1,1,1,-1.0,0,0,-1,8,"Bode, Q.",92,327,1,285,0,0.0,0,0,0,"Bode, Q.",LB,1,18,85,80,0,85,NO,5,0.385
473,8,1,90,1,92,13,50,80,1,1,1,-3.0,0,0,-3,8,"Slothface, J.",91,327,1,285,0,0.0,0,0,0,"Slothface, J.",LB,1,18,90,80,0,80,NO,5,0.385
474,9,1,70,1,70,13,63,60,1,1,0,0.0,0,0,0,8,"Rice, J.",80,350,1,300,11,12.8,62,1,141,"Rice, J.",CB,1,18,93,55,0,50,CHI,5,0.385
475,9,1,80,1,82,13,90,65,1,1,35,18.7,43,0,654,8,"Parker, J.",87,350,10,300,0,0.0,0,0,0,"Parker, J.",WR,10,18,100,40,0,20,CHI,5,0.385
476,9,15,80,15,83,13,69,30,1,1,32,22.3,92,1,715,8,"Brown, M.",86,350,20,300,12,8.9,47,0,107,"Brown, M.",RB,20,18,100,70,0,20,CHI,5,0.385
477,9,1,65,1,70,13,71,65,1,1,1,-1.0,0,0,-1,8,"Dugnutt, B.",77,350,1,300,0,0.0,0,0,0,"Dugnutt, B.",CB,1,18,90,55,0,40,CHI,5,0.385
478,10,1,87,1,80,13,85,85,1,1,41,25.6,40,0,1049,7,"Lavelle Jr., D.",96,390,1,367,30,5.1,33,0,154,"Lavelle Jr., D.",CB,1,18,90,65,0,70,AUS,6,0.462
479,10,15,76,15,80,13,90,70,1,1,33,23.1,39,0,763,7,"Owens, A.",89,390,25,367,0,0.0,0,0,0,"Owens, A.",RB,20,18,90,70,0,20,AUS,6,0.462
480,10,1,90,1,90,13,80,80,1,1,1,-2.0,0,0,-2,7,"Jensen, C.",95,390,1,367,0,0.0,0,0,0,"Jensen, C.",SS,1,18,95,75,0,75,AUS,6,0.462
481,1,1,95,1,96,13,75,80,1,1,30,28.8,48,0,865,5,"Green, W.",98,266,1,371,0,0.0,0,0,0,"Green, W.",FS,12,19,100,70,0,75,BAL,8,0.615
482,1,1,80,1,81,13,70,76,1,1,0,0.0,0,0,0,5,"Troyski, X.",91,266,1,371,1,6.0,6,0,6,"Troyski, X.",CB,1,19,100,60,0,60,BAL,8,0.615
483,1,25,90,25,100,13,90,80,25,25,27,28.9,104,1,781,5,"Maddox, E.",98,266,35,371,30,6.4,21,0,193,"Maddox, E.",WR,35,19,100,65,0,35,BAL,8,0.615
484,2,25,75,25,100,13,55,75,2,25,1,0.0,0,0,0,4,"Alexander, N.",100,331,25,383,0,0.0,0,0,0,"Alexander, N.",DE,25,19,85,85,0,95,YKW,9,0.6920000000000001
485,2,22,95,1,100,13,85,85,1,1,32,27.2,46,0,871,4,"Snuggles, J.",100,331,1,383,28,7.4,85,0,206,"Snuggles, J.",CB,25,19,95,65,0,70,YKW,9,0.6920000000000001
486,2,1,95,1,100,13,90,80,1,1,35,23.8,46,0,834,4,"Swift, N.",97,331,10,383,0,0.0,0,0,0,"Swift, N.",WR,35,19,95,70,0,35,YKW,9,0.6920000000000001
487,3,15,85,15,82,13,90,80,1,1,25,20.8,41,0,521,5,"Owens, A.",92,275,25,326,0,0.0,0,0,0,"Owens, A.",RB,20,19,90,70,0,20,COL,8,0.615
488,3,1,71,1,74,13,88,50,1,1,35,21.8,37,0,762,5,"McMahon (R), J.",77,275,10,326,32,7.6,85,0,242,"McMahon (R), J.",WR,10,19,90,30,0,20,COL,8,0.615
489,4,1,70,1,71,13,56,50,1,1,0,0.0,0,0,0,8,"Mughes, H.",78,355,1,338,6,9.8,16,0,59,"Mughes, H.",CB,1,19,97,50,0,45,AZ,5,0.385
490,4,1,72,1,90,13,83,56,1,1,6,26.0,35,0,156,8,"Landers, B.",84,355,10,338,0,0.0,0,0,0,"Landers, B.",WR,10,19,95,62,0,20,AZ,5,0.385
491,4,1,72,1,88,13,90,40,1,1,39,25.3,98,0,988,8,"Donut, S.",81,355,10,338,0,0.0,0,0,0,"Donut, S.",WR,10,19,100,25,0,20,AZ,5,0.385
492,5,1,85,1,90,13,80,80,1,1,1,0.0,0,0,0,4,"Blaze, J.",71,243,25,357,0,0.0,0,0,0,"Blaze, J.",FB,50,19,90,85,0,25,OCO,9,0.6920000000000001
493,5,15,72,15,99,13,75,50,1,1,23,24.9,81,0,573,4,"Reed, A.",81,243,20,357,0,0.0,0,0,0,"Reed, A.",RB,20,19,100,40,0,20,OCO,9,0.6920000000000001
494,5,1,79,1,80,13,88,70,1,2,28,24.5,39,0,685,4,"Oles, K.",88,243,10,357,33,10.1,75,1,333,"Oles, K.",WR,10,19,100,48,0,20,OCO,9,0.6920000000000001
495,5,1,90,1,88,13,85,85,1,1,28,27.4,95,1,766,4,"Lattimer, A.",99,243,1,357,24,10.2,26,0,245,"Lattimer, A.",CB,1,19,95,65,0,70,OCO,9,0.6920000000000001
496,6,1,90,1,85,13,85,80,1,1,36,23.2,43,0,834,9,"Staley, T.",94,406,1,187,18,7.8,19,0,140,"Staley, T.",SS,1,19,95,70,0,75,SJS,4,0.308
497,6,1,80,1,70,13,72,70,1,1,41,21.0,40,0,863,9,"Thomas-Fox (R), D.",79,406,10,187,0,0.0,0,0,0,"Thomas-Fox (R), D.",WR,10,19,93,35,0,20,SJS,4,0.308
498,7,1,95,1,70,13,75,80,1,1,34,26.2,96,1,891,7,"Garnett, L.",97,278,1,280,0,0.0,0,0,0,"Garnett, L.",FS,1,19,100,70,0,73,PHI,6,0.462
499,7,1,93,1,100,13,90,60,1,1,1,2.0,2,0,2,7,"Varga, N.",94,278,10,280,0,0.0,0,0,0,"Varga, N.",WR,18,19,95,70,0,20,PHI,6,0.462
500,7,1,100,1,91,13,70,80,1,1,30,24.3,105,1,728,7,"Emoji, E.",97,278,1,280,22,12.5,43,0,274,"Emoji, E.",CB,1,19,100,65,0,56,PHI,6,0.462
501,8,1,90,1,90,13,70,80,1,1,0,0.0,0,0,0,5,"Taylor, D.",96,271,1,341,1,12.0,12,0,12,"Taylor, D.",CB,1,19,97,65,0,70,NO,8,0.615
502,8,1,83,1,68,13,90,40,1,1,21,22.1,42,0,465,5,"Jones, B.",88,271,10,341,0,0.0,0,0,0,"Jones, B.",WR,10,19,100,65,0,20,NO,8,0.615
503,8,1,70,1,70,13,80,70,1,1,2,18.0,26,0,36,5,"Valentine, V.",85,271,10,341,0,0.0,0,0,0,"Valentine, V.",WR,10,19,100,60,0,20,NO,8,0.615
504,8,15,92,15,100,13,75,75,1,1,34,23.1,45,0,785,5,"Gump, F.",97,271,40,341,23,14.1,80,2,324,"Gump, F.",RB,40,19,100,70,0,20,NO,8,0.615
505,9,15,75,15,73,13,40,30,1,1,36,24.7,66,0,890,10,"Danielsson, A.",73,392,20,223,0,0.0,0,0,0,"Danielsson, A.",RB,20,19,99,50,0,20,CHI,3,0.231
506,9,1,75,1,75,13,84,61,1,1,45,22.5,96,0,1012,10,"Parker, J.",81,392,10,223,19,7.1,19,0,134,"Parker, J.",WR,10,19,99,25,0,20,CHI,3,0.231
507,10,1,85,1,67,13,80,72,1,1,18,29.2,99,1,525,8,"Gaines, N.",86,288,10,299,0,0.0,0,0,0,"Gaines, N.",WR,10,19,90,70,0,20,AUS,5,0.385
508,10,1,90,1,90,13,80,80,1,1,11,19.7,34,0,217,8,"Jensen, C.",96,288,1,299,0,0.0,0,0,0,"Jensen, C.",SS,1,19,95,75,0,80,AUS,5,0.385
509,10,1,95,1,84,13,85,85,1,1,33,25.0,72,0,826,8,"Lavelle Jr., D.",100,288,1,299,27,10.2,80,1,275,"Lavelle Jr., D.",CB,1,19,95,65,0,70,AUS,5,0.385
510,10,1,70,1,70,13,70,80,1,1,2,3.5,5,0,7,8,"Adams, X.",84,288,1,299,0,0.0,0,0,0,"Adams, X.",CB,1,19,95,42,0,60,AUS,5,0.385
511,10,1,75,1,84,13,35,75,1,1,1,-1.0,0,0,-1,8,"Kuusela, G.",90,288,1,299,0,0.0,0,0,0,"Kuusela, G.",DE,1,19,85,85,0,68,AUS,5,0.385
512,1,15,77,15,100,13,75,60,1,1,25,20.2,39,0,506,7,"Reed, A.",90,317,20,306,0,0.0,0,0,0,"Reed, A.",RB,20,20,100,70,0,20,BAL,6,0.462
513,1,1,90,1,100,13,90,80,1,1,32,25.4,44,0,814,7,"Maddox, E.",97,317,24,306,25,10.2,65,1,254,"Maddox, E.",WR,35,20,100,65,0,20,BAL,6,0.462
514,1,1,95,8,100,13,75,80,1,1,37,25.5,89,0,943,7,"Green, W.",98,317,25,306,0,0.0,0,0,0,"Green, W.",FS,25,20,100,70,0,75,BAL,6,0.462
515,2,1,95,17,100,13,80,80,1,1,1,-1.0,0,0,-1,4,"Lewis, L.",98,294,1,351,0,0.0,0,0,0,"Lewis, L.",FS,1,20,95,75,0,80,YKW,9,0.6920000000000001
516,2,1,95,1,100,13,85,85,1,1,41,26.9,55,0,1102,4,"Snuggles, J.",100,294,1,351,24,9.1,30,0,219,"Snuggles, J.",CB,1,20,95,65,0,70,YKW,9,0.6920000000000001
517,2,1,95,1,100,13,90,80,1,1,22,24.3,46,0,534,4,"Swift, N.",97,294,10,351,0,0.0,0,0,0,"Swift, N.",WR,35,20,95,70,0,35,YKW,9,0.6920000000000001
518,3,4,85,25,100,13,55,85,25,25,9,20.0,38,0,180,6,"Berry, M.",98,280,1,309,0,0.0,0,0,0,"Berry, M.",LB,1,20,85,85,0,95,COL,7,0.5379999999999999
519,3,1,73,1,74,13,90,50,1,1,22,21.6,101,1,475,6,"McMahon, J.",78,280,10,309,19,11.7,71,0,223,"McMahon, J.",WR,10,20,90,30,0,20,COL,7,0.5379999999999999
520,3,15,94,15,85,13,90,80,1,1,27,26.7,43,0,720,6,"Owens, A.",58,280,25,309,0,0.0,0,0,0,"Owens, A.",FB,20,20,90,70,0,20,COL,7,0.5379999999999999
521,3,1,90,1,99,13,90,80,1,1,1,41.0,41,0,41,6,"Bishop, J.",96,280,10,309,2,12.0,19,0,24,"Bishop, J.",WR,10,20,100,60,0,20,COL,7,0.5379999999999999
522,3,1,80,1,81,13,70,80,1,1,1,1.0,1,0,1,6,"Purchase, L.",94,280,1,309,0,0.0,0,0,0,"Purchase, L.",CB,1,20,100,65,0,70,COL,7,0.5379999999999999
523,4,1,90,1,96,13,80,85,1,1,27,27.0,92,1,729,6,"Knight, L.",98,328,1,317,28,6.1,19,0,172,"Knight, L.",CB,1,20,95,70,0,70,AZ,7,0.5379999999999999
524,4,1,80,1,91,13,90,70,1,1,39,24.1,108,1,941,6,"Donut, S.",88,328,10,317,0,0.0,0,0,0,"Donut, S.",WR,10,20,100,36,0,20,AZ,7,0.5379999999999999
525,5,1,70,1,80,13,70,80,1,1,5,32.6,40,0,163,6,"Dream (R), K.",86,278,1,371,0,0.0,0,0,0,"Dream (R), K.",CB,1,20,100,57,0,50,OCO,7,0.5379999999999999
526,5,1,90,1,94,13,85,85,1,1,27,28.3,102,1,763,6,"Lattimer, A.",99,278,1,371,0,0.0,0,0,0,"Lattimer, A.",CB,1,20,95,65,0,70,OCO,7,0.5379999999999999
527,5,1,70,1,93,13,90,71,1,1,0,0.0,0,0,0,6,"Banks II, D.",89,278,10,371,30,9.0,65,0,271,"Banks II, D.",WR,15,20,95,70,0,20,OCO,7,0.5379999999999999
528,6,1,85,1,85,13,85,70,1,1,49,25.5,47,0,1249,8,"Staley, T.",92,423,1,275,22,8.5,29,0,188,"Staley, T.",SS,1,20,95,70,0,75,SJS,5,0.385
529,6,1,80,1,70,13,79,70,1,1,30,18.6,41,0,559,8,"Thomas-Fox (R), D.",82,423,10,275,0,0.0,0,0,0,"Thomas-Fox (R), D.",WR,10,20,95,40,0,20,SJS,5,0.385
530,7,1,80,1,70,13,69,74,1,1,37,25.7,41,0,951,8,"Garnett, L.",90,275,1,242,0,0.0,0,0,0,"Garnett, L.",FS,1,20,100,70,0,70,PHI,5,0.385
531,7,1,100,1,97,13,70,80,1,1,29,24.5,47,0,711,8,"Emoji, E.",97,275,1,242,40,7.0,21,0,280,"Emoji, E.",CB,1,20,100,65,0,56,PHI,5,0.385
532,8,1,81,1,68,13,90,40,1,1,36,22.9,42,0,824,6,"Jones, B.",88,294,10,315,0,0.0,0,0,0,"Jones, B.",WR,10,20,100,65,0,20,NO,7,0.5379999999999999
533,8,25,95,25,100,13,75,75,1,15,27,27.5,108,1,743,6,"Gump, F.",98,294,40,315,29,11.8,57,1,343,"Gump, F.",RB,40,20,100,70,0,50,NO,7,0.5379999999999999
534,9,15,65,15,70,13,54,30,1,1,45,18.1,35,0,814,9,"Utler, J.",40,408,20,321,0,0.0,0,0,0,"Utler, J.",FB,20,20,92,55,0,20,CHI,4,0.308
535,9,1,84,1,93,13,90,70,1,1,42,26.0,108,2,1091,9,"Espeeyeeseetee, A.",94,408,20,321,17,4.9,20,0,83,"Espeeyeeseetee, A.",WR,20,20,100,65,0,20,CHI,4,0.308
536,9,1,70,1,70,13,58,60,1,1,0,0.0,0,0,0,9,"Rice, J.",73,408,1,321,3,4.7,7,0,14,"Rice, J.",CB,1,20,79,55,0,50,CHI,4,0.308
537,10,15,95,15,94,13,75,75,1,1,1,24.0,24,0,24,5,"Mendonca, M.",96,260,20,350,0,0.0,0,0,0,"Mendonca, M.",RB,20,20,100,70,0,20,AUS,8,0.615
538,10,1,95,1,97,13,85,85,1,1,30,29.1,45,0,872,5,"Lavelle Jr., D.",100,260,1,350,37,8.9,54,0,328,"Lavelle Jr., D.",CB,1,20,95,65,0,70,AUS,8,0.615
539,10,1,90,1,87,13,50,70,1,1,28,24.1,91,1,674,5,"Bakshi, S.",86,260,1,350,0,0.0,0,0,0,"Bakshi, S.",LB,1,20,90,80,0,70,AUS,8,0.615
540,10,1,70,1,76,13,35,70,1,1,1,-3.0,0,0,-3,5,"Kuusela, G.",88,260,1,350,0,0.0,0,0,0,"Kuusela, G.",DE,1,20,85,85,0,69,AUS,8,0.615
